name,mtom,oem,wing_weight,fuselage_weight,lg_weight,vtail_weight,nacelle_weight,powertrain_weight,h2_weight,misc_weight,l_fuse,x_lewing,w_fuse,prop_eff,v_cruise,v_max,v_stall,v_stall_flaps60,turn_loadfactor,h_hover,roc,cL_cruise,mac,y_mac,x_lemac,cLmax,cLmax_flaps60,cLmax_flaps20,cl_max_airfoil,cd,cd0,cd0_flaps20,cd_tot_cruise,clalpha,cm_ac,cm_alpha,e,A,A_h,S,S_h,c_root,c_tip,t_r_h,sweep_le,sweep_1/4,sweep_m,b,taper,taper_tail,StotS,diskloading,mission_energy,wp_hover,power_hover,power_climb,power_cruise,wp_cruise,tw,WP_hover,WP_cruise,TW,WS,ld_climb,ld_cr,ducted_bool,tandem_bool,G,n_max,n_ult,l_cockpit,l_tail,d_fuselage,upsweep,h_wings,x_rotor_loc,y_rotor_loc,ww,w_eng,takeoff_energy,trans2hor_energy,climb_energy,cruise_energy,descend_energy,hor_loiter_energy,trans2ver_energy,ver_loiter_energy,land_energy,Vx_cr,Vy_cr,Vz_cr,Mx_cr,Mz_cr,T_cr,Vx_vf,Vy_vf,Vz_vf,Mx_vf,Mz_vf,T_vf,thickness_to_chord,i_xx,i_zz,i_xz,j_y,area_enclosed,area,max_shear_cr,max_axial_cr,max_shear_vf,max_axial_vf,crit_buck_stress,depda,depsda,cl_alpha,diskarea,rotor_direction,cd_upsweep,cd_base,cL0,cL0_approach,cL_approach,h_fuselage_inner,h_fuselage_outer,w_fuselage_inner,w_fuselage_outer,mach_cruise,mach_stall,material,alpha_zero_L,alpha_zero_L_flaps20,delta_alpha_zero_L_flaps20,delta_alpha_zero_L_flaps60,ld_stall,cd_stall,cd0_stall,shear_modulus,hortailsurf_wingsurf,quarterchord_sweep,alpha_climb_clean,cl_climb_clean,cdi_climb_clean,nacelle_width,sweep_halfchord_h,volume_fuselage,downwash_angle,downwash_angle_wing,downwash_angle_prop,downwash_angle_stall,downwash_angle_wing_stall,downwash_angle_prop_stall,v_stall_flaps20,alpha_climb_flaps20,cl_descent_trans_flaps20,cdi_descent_trans_flaps20,alpha_descent_trans_flaps20,alpha_approach,CD0_vtail,CL_cruise_h,Vh_V2,length_wing2vtail,rudder_max,elevator_min,dihedral_vtail,surface_vtail,c_control_surface_to_c_vee_ratio,ruddervator_efficiency,Cm_de,Cn_dr,Cxa,Cxq,Cza,Czq,Cma,Cmq,Cz_adot,Cm_adot,muc,Cxu,Czu,Cx0,Cz0,Cmu,Cyb,Cyp,Cyr,Clb,Clp,Clr,Cnb,Cnp,Cnr,Cy_dr,Cy_beta_dot,Cn_beta_dot,mub,sym_eigvals,asym_eigvals,span_vtail,cL_max,alph_zero_L,C_T,cL_plus_slipstream,cL_plus_slipstream_stall,max_thrust_per_engine,A_tot,bc,bf,hc,hf,thrust_per_engine,cg_rear,cg_front,spar_thickness,stringer_height,stringer_thickness,wingskin_thickness,torsion_bar_thickness
Aetheria,2349.912963076688,1839.912963076688,240.59673607443486,173.85700025193907,96.62910627292995,30.076861579687606,94.82912980525124,486,468.4841140447669,249.44001504767817,7.979352521470075,4.183114751054279,1.7,0.9,83.33,104.17,45,40,2,30.5,5,0.5582216067261786,1.2831783681521132,2.176467924442623,0.10954637660063087,1.59,2.01,1.83,1.77,0.04032869528975489,0.025558833219060155,0,0.036096433209543005,6.21,-0.054,-1.5961,0.799480152200161,8.4,6,12.281143845515945,5.119561744068987,1.7273554955893833,0.6909421982357533,0.14877,0.0510204081632653,0,-0.009637,10.156850314065574,0.4,1,1.2,120,829735530.2308551,0.06822382182812936,649585.0260343365,140859.87772862622,140859.87772862622,0.06822382182812936,1.2333333333333332,0.05074320276750537,0.06253341164633416,1.2249512670565301,1873.4920312500003,220.449,14.838403280820694,0,0,0.045,2.600002319293611,3.9000034789404165,2.103,2.8203525214700744,1.7,0.1745,0,"[0.57, 0.57, 4.753142064598775, 4.753142064598775, 6.8, 6.8]","[2.3, -2.3, 5.078425157032787, -5.078425157032787, 2.3, -2.3]",400,120,9938650.89832535,9507554.985491965,104446447.43857366,512448824.534051,18888937.282761328,126191706.13015696,33200646.210874565,15112762.750620304,6804036.485964049,243.5386415938744,0.0,-44414.17200228855,107101.53450482027,-30.47318162041251,15557.50040923899,0.0,0.0,-6504.521187161524,24550.864965631103,0.0,578.3028458404551,0.12,4.9642701127511575e-05,0.0002190119167390216,0.0,0.00026865461786653317,0.2179052380944594,0.00724019802976017,66241363.70168735,241795491.1286847,8400622.559570273,55410969.88841483,2481784.252433136,0.1,0.3703920928816606,4.8866469811700375,17.98631287137016,"[-1.0, 1.0, -1.0, 1.0, -1.0, 1.0]",0.003967798836513341,0.0,0.171,0.798,1.638,1.8091103599053806,2.009110359905381,1.6,1.8,0.2459,0.12087373219435008,"{'youngsmodulus': 70000000000.0, 'poisson': 0.3, 'shear_modulus': 26000000000.0, 'beta': 1.42, 'sigma_yield': 430000000.0, 'ultimate_tensile_stress': 640000000.0, 'm_crip': 0.85, 'pb': 2.5, 'rho': 2710, 'g': 5, 'shear_strength': 207000000.0}",-0.0352,-0.193,-0.1027196,-0.1332698,7.846424115299762,0.3028745141124059,0.11138047061068208,26000000000.0,0.4168635925503166,0,0.0873,0.592,0.013,0.4,0,0.5,0.0788965476150046,0.042293917952750226,0.0671352464773423,0.22197201625968602,0.1517455318010746,0.4004370786386418,42,0.2,1.83,0.091,0.2119,0.2,0.008684,0.0969081793302861,0.95,3.3076076969755737,0.06632251157578412,-0.2827433388230817,0.3695491303931411,5.88767930738532,Not possible. Lower CLh in the horizontal tail sizing program,0.5515177433910065,-2.6654422219246734,-0.09540400941322222,0,0,0,0,0,0,0,0,0,0,0,0,0,0,0,0,0,0,0,0,0,0,0,0,0,0,0,0,0,4.139415985587692,1.59,-0.0352,0.15,0.8169221500396578,2.3764818914412795,4400,17.98631287137016,0.7872294446790329,1.5744588893580658,0.41935709893507234,0.8387141978701447,4729.550721004094,0.2873453732872086,0.11323559891303235,0,0,0,0,0
Aetheria,2350.3458763458793,1840.3458763458796,240.9451169768136,173.5029933009076,96.80860046380772,30.17033459124395,95.09866429102544,486,467.99560761377927,249.82455910830197,7.963467961118215,4.190960308693381,1.7,0.9,83.33,104.17,45,40,2,30.5,5,0.5582216067261786,1.2844052961346897,2.178548983059224,0.10954637660063087,1.59,2.01,1.83,1.77,0.04029526141772423,0.025525399347029493,0,0.036096433209543005,6.21,-0.054,-1.5961,0.799480152200161,8.4,6,12.304640630043941,5.121297927224602,1.7290071294120821,0.6916028517648329,0.14877,0.0510204081632653,0,-0.009637,10.166561920943044,0.4,1,1.2,120,825029973.3847855,0.06822382182812936,651431.3528573113,139412.74887421748,139412.74887421748,0.06822382182812936,1.2333333333333332,0.05074320276750537,0.06253341164633416,1.2249512670565301,1873.4920312500003,220.449,15.023313977305957,0,0,0.045,2.600002319293611,3.9000034789404165,2.103,2.804467961118214,1.7,0.1745,0,"[0.57, 0.57, 4.761532661399368, 4.761532661399368, 6.8, 6.8]","[2.3, -2.3, 5.083280960471522, -5.083280960471522, 2.3, -2.3]",400,120,9966899.698716862,9537596.851524223,104661614.4894536,507180024.3768531,18927852.802066937,126451669.94816528,33148160.19925819,15156155.018747315,6804036.485964049,243.5386415938744,0.0,-44414.17200228855,107101.53450482027,-30.47318162041251,15557.50040923899,0.0,0.0,-6504.521187161524,24550.864965631103,0.0,578.3028458404551,0.12,4.9642701127511575e-05,0.0002190119167390216,0.0,0.00026865461786653317,0.2179052380944594,0.00724019802976017,66241363.70168735,241795491.1286847,8400622.559570273,55410969.88841483,2481784.252433136,0.1,0.3703920928816606,4.8866469811700375,17.98631287137016,"[-1.0, 1.0, -1.0, 1.0, -1.0, 1.0]",0.00396267646262758,0.0,0.171,0.798,1.638,1.8091103599053793,2.0091103599053795,1.6,1.8,0.2459,0.12087373219435008,"{'youngsmodulus': 70000000000.0, 'poisson': 0.3, 'shear_modulus': 26000000000.0, 'beta': 1.42, 'sigma_yield': 430000000.0, 'ultimate_tensile_stress': 640000000.0, 'm_crip': 0.85, 'pb': 2.5, 'rho': 2710, 'g': 5, 'shear_strength': 207000000.0}",-0.0352,-0.193,-0.1027196,-0.1332698,7.847334578626109,0.3028393740103978,0.11134533050867394,26000000000.0,0.4162086550272792,0,0.0873,0.592,0.013,0.4,0,0.5,0.07889654761500459,0.042293917952750226,0.0671352464773423,0.22197201625968602,0.1517455318010746,0.4004370786386418,42,0.2,1.83,0.091,0.2119,0.2,0.008684,0.11484456322284822,0.95,3.3607950874327353,0.06632251157578412,-0.2827433388230817,0.3672349310938068,5.8791627050226625,0.29881088829339375,0.5484145177245251,-2.6838663609345357,-0.09540400941322225,0,0,0,0,0,0,0,0,0,0,0,0,0,0,0,0,0,0,0,0,0,0,0,0,0,0,0,0,0,4.139883937335956,1.59,-0.0352,0.15,0.8169197015308078,2.3764818914412795,4400,17.98631287137016,0.7850394075335682,1.5700788150671363,0.41660892769283114,0.8332178553856623,4738.599490044141,0.29016466749649245,0.11536454380172116,0,0,0,0,0
Aetheria,2343.7355237337233,1833.735523733723,240.97871807014604,173.2129054737762,96.82591695985644,24.772238865867607,95.12468067470657,486,466.9594098631012,249.8616538262691,7.951816820793713,4.1817572126549605,1.7,0.9,83.33,104.17,45,40,2,30.5,5,0.5582216067261786,1.2845236006203966,2.1787496456676725,0.10954637660063087,1.59,2.01,1.83,1.77,0.04032867234285673,0.025558810272161996,0,0.036096433209543005,6.21,-0.054,-1.5961,0.799480152200161,8.4,6,12.306907455362614,5.470614257264191,1.729166385450534,0.6916665541802136,0.14877,0.0510204081632653,0,-0.009637,10.167498346449138,0.4,1,1.2,120,821319541.153655,0.06822382182812936,651609.56659085,138357.100267839,138357.100267839,0.06822382182812936,1.2333333333333332,0.05074320276750537,0.06253341164633416,1.2249512670565301,1873.4920312500003,220.449,15.140942908126965,0,0,0.045,2.600002319293611,3.9000034789404165,2.103,2.792816820793712,1.7,0.1745,0,"[0.57, 0.57, 4.752382119853636, 4.752382119853636, 6.8, 6.8]","[2.3, -2.3, 5.083749173224569, -5.083749173224569, 2.3, -2.3]",400,120,9969626.368840005,9538911.095942521,104682375.36203997,503341500.49109656,18931574.4661416,126476753.1366956,33218456.801920477,15160343.430978306,6804036.485964049,243.5386415938744,0.0,-44414.17200228855,107101.53450482027,-30.47318162041251,15557.50040923899,0.0,0.0,-6504.521187161524,24550.864965631103,0.0,578.3028458404551,0.12,4.9642701127511575e-05,0.0002190119167390216,0.0,0.00026865461786653317,0.2179052380944594,0.00724019802976017,66241363.70168735,241795491.1286847,8400622.559570273,55410969.88841483,2481784.252433136,0.1,0.3703920928816606,4.8866469811700375,17.98631287137016,"[-1.0, 1.0, -1.0, 1.0, -1.0, 1.0]",0.003968450738706472,0.0,0.171,0.798,1.638,1.8091103599053777,2.0091103599053777,1.6,1.8,0.2459,0.12087373219435008,"{'youngsmodulus': 70000000000.0, 'poisson': 0.3, 'shear_modulus': 26000000000.0, 'beta': 1.42, 'sigma_yield': 430000000.0, 'ultimate_tensile_stress': 640000000.0, 'm_crip': 0.85, 'pb': 2.5, 'rho': 2710, 'g': 5, 'shear_strength': 207000000.0}",-0.0352,-0.193,-0.1027196,-0.1332698,7.846399501892646,0.30287546420087885,0.11138142069915502,26000000000.0,0.44451575483980943,0,0.0873,0.592,0.013,0.4,0,0.5,0.0788965476150046,0.042293917952750226,0.0671352464773423,0.22197201625968602,0.1517455318010746,0.4004370786386418,42,0.2,1.83,0.091,0.2119,0.2,0.008684,0.10785191677884103,0.95,3.354104725996401,0.06457718232378978,-0.28448866807507606,0.35668019957081015,6.230174814776764,0.29804324959651185,0.5473909994620159,-2.84370526904657,-0.097914641239886,0,0,0,0,0,0,0,0,0,0,0,0,0,0,0,0,0,0,0,0,0,0,0,0,0,0,0,0,0,3.9987015853076695,1.59,-0.0352,0.15,0.8169221483591559,2.3764818914412795,4400,17.98631287137016,0.7833079350286345,1.566615870057269,0.41457330179228247,0.829146603584565,4739.472459651465,0.2946292646076741,0.12017023456620032,0,0,0,0,0
Aetheria,2349.23008515296,1839.2300851529599,240.46548341626416,173.82442727658076,96.5615033855099,30.138131964120088,94.72768052871508,486,468.21769264591194,249.2951659358579,7.978778172587944,4.175461506994543,1.7,0.9,83.33,104.17,45,40,2,30.5,5,0.5582216067261786,1.282715966096936,2.175683619418265,0.10954637660063087,1.59,2.01,1.83,1.77,0.04035875263280052,0.025588890562105785,0,0.036096433209543005,6.21,-0.054,-1.5961,0.799480152200161,8.4,6,12.272294252827676,5.119868449864614,1.7267330312843372,0.6906932125137348,0.14877,0.0510204081632653,0,-0.009637,10.153190223951903,0.4,1,1.2,120,829573111.1031535,0.06822382182812936,648890.09262015,140882.97200349963,140882.97200349963,0.06822382182812936,1.2333333333333332,0.05074320276750537,0.06253341164633416,1.2249512670565301,1873.4920312500003,220.449,14.824461900000607,0,0,0.045,2.600002319293611,3.9000034789404165,2.103,2.819778172587944,1.7,0.1745,0,"[0.57, 0.57, 4.745283407318373, 4.745283407318373, 6.8, 6.8]","[2.3, -2.3, 5.076595111975951, -5.076595111975951, 2.3, -2.3]",400,120,9928018.417088294,9496987.117639327,104365423.1943078,512533312.298452,18874311.247546755,126093813.01964378,33184815.131701615,15096430.676773904,6804036.485964049,243.5386415938744,0.0,-44414.17200228855,107101.53450482027,-30.47318162041251,15557.50040923899,0.0,0.0,-6504.521187161524,24550.864965631103,0.0,578.3028458404551,0.12,4.9642701127511575e-05,0.0002190119167390216,0.0,0.00026865461786653317,0.2179052380944594,0.00724019802976017,66241363.70168735,241795491.1286847,8400622.559570273,55410969.88841483,2481784.252433136,0.1,0.3703920928816606,4.8866469811700375,17.98631287137016,"[-1.0, 1.0, -1.0, 1.0, -1.0, 1.0]",0.003972695060124276,0.0,0.171,0.798,1.638,1.8091103599053793,2.0091103599053795,1.6,1.8,0.2459,0.12087373219435008,"{'youngsmodulus': 70000000000.0, 'poisson': 0.3, 'shear_modulus': 26000000000.0, 'beta': 1.42, 'sigma_yield': 430000000.0, 'ultimate_tensile_stress': 640000000.0, 'm_crip': 0.85, 'pb': 2.5, 'rho': 2710, 'g': 5, 'shear_strength': 207000000.0}",-0.0352,-0.193,-0.1027196,-0.1332698,7.845593707468489,0.3029065715165731,0.11141252801484926,26000000000.0,0.41718918601425636,0,0.0873,0.592,0.013,0.4,0,0.5,0.07889654761500456,0.042293917952750226,0.06713524647734227,0.22197201625968602,0.1517455318010746,0.4004370786386418,42,0.2,1.83,0.091,0.2119,0.2,0.008684,0.11505389696759788,0.95,3.3491974236732847,0.06632251157578412,-0.2827433388230817,0.3672807308390305,5.877728813406686,0.2986600992123006,0.5482134656164008,-2.68349958414609,-0.09540400941322222,0,0,0,0,0,0,0,0,0,0,0,0,0,0,0,0,0,0,0,0,0,0,0,0,0,0,0,0,0,4.1394575057861225,1.59,-0.0352,0.15,0.8169243512705046,2.3764818914412795,4400,17.98631287137016,0.7871539600837725,1.574307920167545,0.41925827095698737,0.8385165419139747,4726.142683609053,0.29107967201243856,0.11714511115542402,0,0,0,0,0
Aetheria,2348.3284242041073,1838.3284242041073,240.89211151286844,173.129321959507,96.7812854016243,30.168778865973028,95.05763079083182,486,466.5332511515815,249.76604452172123,7.948979834838806,4.190673365292075,1.7,0.9,83.33,104.17,45,40,2,30.5,5,0.5582216067261786,1.2842186603390253,2.1782324200365775,0.10954637660063087,1.59,2.01,1.83,1.77,0.04029700950447432,0.025527147433779585,0,0.036096433209543005,6.21,-0.054,-1.5961,0.799480152200161,8.4,6,12.301064936995864,5.12084852799969,1.7287558889179189,0.6915023555671675,0.14877,0.0510204081632653,0,-0.009637,10.165084626837361,0.4,1,1.2,120,820386073.5083658,0.06822382182812936,651150.271006763,138169.5951121305,138169.5951121305,0.06822382182812936,1.2333333333333332,0.05074320276750537,0.06253341164633416,1.2249512670565301,1873.4920312500003,220.449,15.153740407236514,0,0,0.045,2.600002319293611,3.9000034789404165,2.103,2.789979834838805,1.7,0.1745,0,"[0.57, 0.57, 4.761162808634989, 4.761162808634989, 6.8, 6.8]","[2.3, -2.3, 5.0825423134186805, -5.0825423134186805, 2.3, -2.3]",400,120,9962599.146403475,9533820.551453365,104628867.29298256,502657096.7598194,18921919.998486467,126412104.93954122,33120115.823298372,15149548.99638096,6804036.485964049,243.5386415938744,0.0,-44414.17200228855,107101.53450482027,-30.47318162041251,15557.50040923899,0.0,0.0,-6504.521187161524,24550.864965631103,0.0,578.3028458404551,0.12,4.9642701127511575e-05,0.0002190119167390216,0.0,0.00026865461786653317,0.2179052380944594,0.00724019802976017,66241363.70168735,241795491.1286847,8400622.559570273,55410969.88841483,2481784.252433136,0.1,0.3703920928816606,4.8866469811700375,17.98631287137016,"[-1.0, 1.0, -1.0, 1.0, -1.0, 1.0]",0.0039628850016315935,0.0,0.171,0.798,1.638,1.8091103599053788,2.009110359905379,1.6,1.8,0.2459,0.12087373219435008,"{'youngsmodulus': 70000000000.0, 'poisson': 0.3, 'shear_modulus': 26000000000.0, 'beta': 1.42, 'sigma_yield': 430000000.0, 'ultimate_tensile_stress': 640000000.0, 'm_crip': 0.85, 'pb': 2.5, 'rho': 2710, 'g': 5, 'shear_strength': 207000000.0}",-0.0352,-0.193,-0.1027196,-0.1332698,7.847289269770168,0.30284112255121215,0.11134707904948832,26000000000.0,0.41629310585936075,0,0.0873,0.592,0.013,0.4,0,0.5,0.07889654761500459,0.042293917952750226,0.0671352464773423,0.22197201625968602,0.1517455318010746,0.4004370786386418,42,0.2,1.83,0.091,0.2119,0.2,0.008684,0.11488759797794741,0.95,3.3605531794713634,0.06632251157578412,-0.2827433388230817,0.3671976239752163,5.878478079290898,0.2987489764705348,0.5483319686273798,-2.684165191015286,-0.09540400941322219,0,0,0,0,0,0,0,0,0,0,0,0,0,0,0,0,0,0,0,0,0,0,0,0,0,0,0,0,0,4.139770731466267,1.59,-0.0352,0.15,0.816919829550855,2.3764818914412795,4400,17.98631287137016,0.7828716929183341,1.5657433858366683,0.4140750646046364,0.8281501292092728,4737.222466710943,0.28899825988569605,0.11420363057837216,0,0,0,0,0
Aetheria,2348.254829019611,1838.254829019611,240.8221182209215,173.17024969969174,96.74521903598199,29.991221486191343,95.00345977749967,486,466.83378049005603,249.68878030926862,7.950976924929388,4.173521409805398,1.7,0.9,83.33,104.17,45,40,2,30.5,5,0.5582216067261786,1.283972187898738,2.177814364859014,0.10954637660063087,1.59,2.01,1.83,1.77,0.0403612464262744,0.025591384355579665,0,0.036096433209543005,6.21,-0.054,-1.5961,0.799480152200161,8.4,6,12.29634364981625,5.123693043213866,1.728424099094455,0.691369639637782,0.14877,0.0510204081632653,0,-0.009637,10.163133702675397,0.4,1,1.2,120,821044359.7438526,0.06822382182812936,650779.1964310715,138363.45114963528,138363.45114963528,0.06822382182812936,1.2333333333333332,0.05074320276750537,0.06253341164633416,1.2249512670565301,1873.4920312500003,220.449,15.126255675390334,0,0,0.045,2.600002319293611,3.9000034789404165,2.103,2.7919769249293873,1.7,0.1745,0,"[0.57, 0.57, 4.743901362506567, 4.743901362506567, 6.8, 6.8]","[2.3, -2.3, 5.081566851337699, -5.081566851337699, 2.3, -2.3]",400,120,9956921.705395395,9526383.94423344,104585630.35572962,503364920.10035974,18914129.427294586,126359866.27548325,33195679.95317081,15140827.982185837,6804036.485964049,243.5386415938744,0.0,-44414.17200228855,107101.53450482027,-30.47318162041251,15557.50040923899,0.0,0.0,-6504.521187161524,24550.864965631103,0.0,578.3028458404551,0.12,4.9642701127511575e-05,0.0002190119167390216,0.0,0.00026865461786653317,0.2179052380944594,0.00724019802976017,66241363.70168735,241795491.1286847,8400622.559570273,55410969.88841483,2481784.252433136,0.1,0.3703920928816606,4.8866469811700375,17.98631287137016,"[-1.0, 1.0, -1.0, 1.0, -1.0, 1.0]",0.0039737296759685525,0.0,0.171,0.798,1.638,1.8091103599053786,2.0091103599053786,1.6,1.8,0.2459,0.12087373219435008,"{'youngsmodulus': 70000000000.0, 'poisson': 0.3, 'shear_modulus': 26000000000.0, 'beta': 1.42, 'sigma_yield': 430000000.0, 'ultimate_tensile_stress': 640000000.0, 'm_crip': 0.85, 'pb': 2.5, 'rho': 2710, 'g': 5, 'shear_strength': 207000000.0}",-0.0352,-0.193,-0.1027196,-0.1332698,7.8455005051263385,0.30291016996155434,0.11141612645983051,26000000000.0,0.4166842753528957,0,0.0873,0.592,0.013,0.4,0,0.5,0.07889654761500456,0.042293917952750226,0.06713524647734227,0.22197201625968602,0.1517455318010746,0.4004370786386418,42,0.2,1.83,0.091,0.2119,0.2,0.008684,0.09782984153320845,0.95,3.2536925934128327,0.06806784082777845,-0.2809980095710874,0.37246425173246933,5.905810197440762,0.29392356112926843,0.5418980815056913,-2.576481271230419,-0.09301890917789163,0,0,0,0,0,0,0,0,0,0,0,0,0,0,0,0,0,0,0,0,0,0,0,0,0,0,0,0,0,4.140400852778183,1.59,-0.0352,0.15,0.8169245339019205,2.3764818914412795,4400,17.98631287137016,0.7831793599149759,1.5663587198299518,0.41442590309805055,0.8288518061961011,4735.404267407582,0.2989148192093708,0.12460918871618197,0,0,0,0,0
Aetheria,2344.1900610314096,1834.1900610314096,240.81640495460292,173.49839991120112,96.74227523450435,24.643228342263086,94.99903869214798,486,467.80824015672283,249.68247373996718,7.9639835775598815,4.17467973020237,1.7,0.9,83.33,104.17,45,40,2,30.5,5,0.5582216067261786,1.2839520682873922,2.177780238902846,0.10954637660063087,1.59,2.01,1.83,1.77,0.04035701844830884,0.02558715637761411,0,0.036096433209543005,6.21,-0.054,-1.5961,0.799480152200161,8.4,6,12.295958289885244,5.470501363278604,1.7283970150022587,0.6913588060009035,0.14877,0.0510204081632653,0,-0.009637,10.162974448213282,0.4,1,1.2,120,825189364.70708,0.06822382182812936,650748.9117406057,139509.5661308549,139509.5661308549,0.06822382182812936,1.2333333333333332,0.05074320276750537,0.06253341164633416,1.2249512670565301,1873.4920312500003,220.449,15.001482521244588,0,0,0.045,2.600002319293611,3.9000034789404165,2.103,2.8049835775598804,1.7,0.1745,0,"[0.57, 0.57, 4.745050745153115, 4.745050745153115, 6.8, 6.8]","[2.3, -2.3, 5.081487224106641, -5.081487224106641, 2.3, -2.3]",400,120,9956458.349631269,9526205.896571416,104582101.3763181,507534612.36872923,18913399.051177457,126355602.57917036,33180868.854229555,15140116.23125253,6804036.485964049,243.5386415938744,0.0,-44414.17200228855,107101.53450482027,-30.47318162041251,15557.50040923899,0.0,0.0,-6504.521187161524,24550.864965631103,0.0,578.3028458404551,0.12,4.9642701127511575e-05,0.0002190119167390216,0.0,0.00026865461786653317,0.2179052380944594,0.00724019802976017,66241363.70168735,241795491.1286847,8400622.559570273,55410969.88841483,2481784.252433136,0.1,0.3703920928816606,4.8866469811700375,17.98631287137016,"[-1.0, 1.0, -1.0, 1.0, -1.0, 1.0]",0.003973001313547103,0.0,0.171,0.798,1.638,1.8091103599053795,2.0091103599053795,1.6,1.8,0.2459,0.12087373219435008,"{'youngsmodulus': 70000000000.0, 'poisson': 0.3, 'shear_modulus': 26000000000.0, 'beta': 1.42, 'sigma_yield': 430000000.0, 'ultimate_tensile_stress': 640000000.0, 'm_crip': 0.85, 'pb': 2.5, 'rho': 2710, 'g': 5, 'shear_strength': 207000000.0}",-0.0352,-0.193,-0.1027196,-0.1332698,7.845618903453461,0.30290559874061773,0.11141155523889389,26000000000.0,0.4449024007977226,0,0.0873,0.592,0.013,0.4,0,0.5,0.07889654761500454,0.042293917952750226,0.06713524647734227,0.22197201625968602,0.1517455318010746,0.4004370786386418,42,0.2,1.83,0.091,0.2119,0.2,0.008684,0.09203446904690206,0.95,3.254510046390588,0.06632251157578412,-0.2827433388230817,0.3614492664806218,6.252389829768796,0.2925652322022024,0.5400869762696032,-2.7309131575808743,-0.09540400941322226,0,0,0,0,0,0,0,0,0,0,0,0,0,0,0,0,0,0,0,0,0,0,0,0,0,0,0,0,0,3.9986363652212056,1.59,-0.0352,0.15,0.8169242242685806,2.3764818914412795,4400,17.98631287137016,0.7851136967201794,1.5702273934403586,0.4166986227314501,0.8333972454629002,4735.255862718045,0.2974600088940608,0.12326846404530857,0,0,0,0,0
Aetheria,2350.341231592379,1840.3412315923788,240.50078541670572,173.88951393072176,96.57968484096419,30.073882209229655,94.75496127593524,486,469.20828055948243,249.33412335933977,7.9811594112932305,4.18245900738503,1.7,0.9,83.33,104.17,45,40,2,30.5,5,0.5582216067261786,1.282840343181591,2.1758945820887754,0.10954637660063087,1.59,2.01,1.83,1.77,0.040332380797210035,0.0255625187265153,0,0.036096433209543005,6.21,-0.054,-1.5961,0.799480152200161,8.4,6,12.274674306127038,5.11877586733482,1.7269004619752184,0.6907601847900875,0.14877,0.0510204081632653,0,-0.009637,10.154174716414285,0.4,1,1.2,120,833562712.706264,0.06822382182812936,649076.9673170879,141969.34450123133,141969.34450123133,0.06822382182812936,1.2333333333333332,0.05074320276750537,0.06253341164633416,1.2249512670565301,1873.4920312500003,220.449,14.714094200888344,0,0,0.045,2.600002319293611,3.9000034789404165,2.103,2.8221594112932302,1.7,0.1745,0,"[0.57, 0.57, 4.752336159836853, 4.752336159836853, 6.8, 6.8]","[2.3, -2.3, 5.077087358207143, -5.077087358207143, 2.3, -2.3]",400,120,9930877.599951446,9500516.029522406,104387213.49682188,516484306.00226825,18878274.94945275,126120139.96056686,33160562.140748013,15100822.526932407,6804036.485964049,243.5386415938744,0.0,-44414.17200228855,107101.53450482027,-30.47318162041251,15557.50040923899,0.0,0.0,-6504.521187161524,24550.864965631103,0.0,578.3028458404551,0.12,4.9642701127511575e-05,0.0002190119167390216,0.0,0.00026865461786653317,0.2179052380944594,0.00724019802976017,66241363.70168735,241795491.1286847,8400622.559570273,55410969.88841483,2481784.252433136,0.1,0.3703920928816606,4.8866469811700375,17.98631287137016,"[-1.0, 1.0, -1.0, 1.0, -1.0, 1.0]",0.003968263083174826,0.0,0.171,0.798,1.638,1.8091103599053793,2.0091103599053795,1.6,1.8,0.2459,0.12087373219435008,"{'youngsmodulus': 70000000000.0, 'poisson': 0.3, 'shear_modulus': 26000000000.0, 'beta': 1.42, 'sigma_yield': 430000000.0, 'ultimate_tensile_stress': 640000000.0, 'm_crip': 0.85, 'pb': 2.5, 'rho': 2710, 'g': 5, 'shear_strength': 207000000.0}",-0.0352,-0.193,-0.1027196,-0.1332698,7.846327573039649,0.3028782407207906,0.11138419721906676,26000000000.0,0.41701928211486045,0,0.0873,0.592,0.013,0.4,0,0.5,0.07889654761500454,0.042293917952750226,0.06713524647734227,0.22197201625968602,0.1517455318010746,0.4004370786386418,42,0.2,1.83,0.091,0.2119,0.2,0.008684,0.09698908524390092,0.95,3.307077926274866,0.06632251157578412,-0.2827433388230817,0.36948525039083935,5.886484236138959,Not possible. Lower CLh in the horizontal tail sizing program,0.551373112886317,-2.665947836670939,-0.09540400941322222,0,0,0,0,0,0,0,0,0,0,0,0,0,0,0,0,0,0,0,0,0,0,0,0,0,0,0,0,0,4.13921732655043,1.59,-0.0352,0.15,0.8169224199455066,2.3764818914412795,4400,17.98631287137016,0.7890059174456399,1.5780118348912797,0.41966774739500573,0.8393354947900115,4727.059258069838,0.28750326486322075,0.11339376770869711,0,0,0,0,0
Aetheria,2350.5315362101405,1840.5315362101405,240.97835756989903,173.5096664256519,96.82573117008891,30.17248166965657,95.12440153083514,486,468.05964200580695,249.8612558382022,7.963551773413149,4.191975854873261,1.7,0.9,83.33,104.17,45,40,2,30.5,5,0.5582216067261786,1.2845223313820053,2.178747492844093,0.10954637660063087,1.59,2.01,1.83,1.77,0.04029110453788827,0.025521242467193537,0,0.036096433209543005,6.21,-0.054,-1.5961,0.799480152200161,8.4,6,12.306883134452207,5.121408963380066,1.7291646768603919,0.6916658707441568,0.14877,0.0510204081632653,0,-0.009637,10.167488299939102,0.4,1,1.2,120,825055910.9342108,0.06822382182812936,651607.6544391793,139408.65446985036,139408.65446985036,0.06822382182812936,1.2333333333333332,0.05074320276750537,0.06253341164633416,1.2249512670565301,1873.4920312500003,220.449,15.02670337458254,0,0,0.045,2.600002319293611,3.9000034789404165,2.103,2.8045517734131487,1.7,0.1745,0,"[0.57, 0.57, 4.762600198237191, 4.762600198237191, 6.8, 6.8]","[2.3, -2.3, 5.083744149969551, -5.083744149969551, 2.3, -2.3]",400,120,9969597.112919444,9540702.68674723,104682152.61465384,507164692.00872767,18931516.21622294,126476484.01435219,33130467.78939289,15160298.491194671,6804036.485964049,243.5386415938744,0.0,-44414.17200228855,107101.53450482027,-30.47318162041251,15557.50040923899,0.0,0.0,-6504.521187161524,24550.864965631103,0.0,578.3028458404551,0.12,4.9642701127511575e-05,0.0002190119167390216,0.0,0.00026865461786653317,0.2179052380944594,0.00724019802976017,66241363.70168735,241795491.1286847,8400622.559570273,55410969.88841483,2481784.252433136,0.1,0.3703920928816606,4.8866469811700375,17.98631287137016,"[-1.0, 1.0, -1.0, 1.0, -1.0, 1.0]",0.003962020523258724,0.0,0.171,0.798,1.638,1.8091103599053775,2.0091103599053777,1.6,1.8,0.2459,0.12087373219435008,"{'youngsmodulus': 70000000000.0, 'poisson': 0.3, 'shear_modulus': 26000000000.0, 'beta': 1.42, 'sigma_yield': 430000000.0, 'ultimate_tensile_stress': 640000000.0, 'm_crip': 0.85, 'pb': 2.5, 'rho': 2710, 'g': 5, 'shear_strength': 207000000.0}",-0.0352,-0.193,-0.1027196,-0.1332698,7.8474484562248525,0.3028349793818877,0.11134093588016386,26000000000.0,0.41614183765530866,0,0.0873,0.592,0.013,0.4,0,0.5,0.07889654761500461,0.042293917952750226,0.0671352464773423,0.22197201625968602,0.1517455318010746,0.4004370786386418,42,0.2,1.83,0.091,0.2119,0.2,0.008684,0.11482924753295191,0.95,3.3615561249260475,0.06632251157578412,-0.2827433388230817,0.3672335375107183,5.879283868980628,0.2988232039032447,0.5484309385376597,-2.683877522495218,-0.09540400941322223,0,0,0,0,0,0,0,0,0,0,0,0,0,0,0,0,0,0,0,0,0,0,0,0,0,0,0,0,0,4.139916195310524,1.59,-0.0352,0.15,0.8169193971042951,2.3764818914412795,4400,17.98631287137016,0.7850514970275623,1.5701029940551245,0.4166235096647502,0.8332470193295004,4739.463093506031,0.28970445497110364,0.11485739913204304,0,0,0,0,0
Aetheria,2343.8248040968856,1833.8248040968858,240.99312782698024,173.22040040476364,96.83334333953727,24.772520737658894,95.13583882156522,486,466.9920108419573,249.87756212442324,7.952035273642516,4.181793445582274,1.7,0.9,83.33,104.17,45,40,2,30.5,5,0.5582216067261786,1.2845743335296018,2.178835696486748,0.10954637660063087,1.59,2.01,1.83,1.77,0.040328348835974505,0.02555848676527977,0,0.036096433209543005,6.21,-0.054,-1.5961,0.799480152200161,8.4,6,12.307879609627497,5.470754109082514,1.7292346797513871,0.691693871900555,0.14877,0.0510204081632653,0,-0.009637,10.167899916938158,0.4,1,1.2,120,821390951.0724114,0.06822382182812936,651686.0005424486,138366.93484375937,138366.93484375937,0.06822382182812936,1.2333333333333332,0.05074320276750537,0.06253341164633416,1.2249512670565301,1873.4920312500003,220.449,15.141154461761083,0,0,0.045,2.600002319293611,3.9000034789404165,2.103,2.7930352736425155,1.7,0.1745,0,"[0.57, 0.57, 4.752440889900232, 4.752440889900232, 6.8, 6.8]","[2.3, -2.3, 5.083949958469079, -5.083949958469079, 2.3, -2.3]",400,120,9970795.808299463,9539948.158706538,104691279.05761546,503377092.0209093,18933239.384161323,126487510.53977713,33228946.304725476,15162139.798216593,6804036.485964049,243.5386415938744,0.0,-44414.17200228855,107101.53450482027,-30.47318162041251,15557.50040923899,0.0,0.0,-6504.521187161524,24550.864965631103,0.0,578.3028458404551,0.12,4.9642701127511575e-05,0.0002190119167390216,0.0,0.00026865461786653317,0.2179052380944594,0.00724019802976017,66241363.70168735,241795491.1286847,8400622.559570273,55410969.88841483,2481784.252433136,0.1,0.3703920928816606,4.8866469811700375,17.98631287137016,"[-1.0, 1.0, -1.0, 1.0, -1.0, 1.0]",0.003968420234710679,0.0,0.171,0.798,1.638,1.8091103599053793,2.0091103599053795,1.6,1.8,0.2459,0.12087373219435008,"{'youngsmodulus': 70000000000.0, 'poisson': 0.3, 'shear_modulus': 26000000000.0, 'beta': 1.42, 'sigma_yield': 430000000.0, 'ultimate_tensile_stress': 640000000.0, 'm_crip': 0.85, 'pb': 2.5, 'rho': 2710, 'g': 5, 'shear_strength': 207000000.0}",-0.0352,-0.193,-0.1027196,-0.1332698,7.846407581927577,0.3028751523072759,0.11138110880555206,26000000000.0,0.44449200695814156,0,0.0873,0.592,0.013,0.4,0,0.5,0.07889654761500456,0.042293917952750226,0.06713524647734227,0.22197201625968602,0.1517455318010746,0.4004370786386418,42,0.2,1.83,0.091,0.2119,0.2,0.008684,0.1078403938104343,0.95,3.3541400265985897,0.06457718232378978,-0.28448866807507606,0.3566912995391674,6.230385623074046,0.29806145138243667,0.5474152685099156,-2.8436087985818923,-0.09791464123988598,0,0,0,0,0,0,0,0,0,0,0,0,0,0,0,0,0,0,0,0,0,0,0,0,0,0,0,0,0,3.998731676171691,1.59,-0.0352,0.15,0.8169221246673302,2.3764818914412795,4400,17.98631287137016,0.7833412967724069,1.5666825935448139,0.4146116249520927,0.8292232499041854,4739.846842767748,0.29467403258310404,0.1202234482094338,0,0,0,0,0
Aetheria,2349.2766273592797,1839.2766273592797,240.47241757790601,173.82806363985566,96.56507459287624,30.138452119374843,94.73303881727632,486,468.2367625891411,249.30281802284944,7.978884242349537,4.1755818188735105,1.7,0.9,83.33,104.17,45,40,2,30.5,5,0.5582216067261786,1.2827403972359295,2.175725058388634,0.10954637660063087,1.59,2.01,1.83,1.77,0.04035821430689791,0.025588352236203177,0,0.036096433209543005,6.21,-0.054,-1.5961,0.799480152200161,8.4,6,12.27276174366725,5.119910367400596,1.726765919356059,0.6907063677424237,0.14877,0.0510204081632653,0,-0.009637,10.153383605813625,0.4,1,1.2,120,829603152.0421169,0.06822382182812936,648926.7972068281,140887.2647010178,140887.2647010178,0.06822382182812936,1.2333333333333332,0.05074320276750537,0.06253341164633416,1.2249512670565301,1873.4920312500003,220.449,14.824618144088745,0,0,0.045,2.600002319293611,3.9000034789404165,2.103,2.8198842423495365,1.7,0.1745,0,"[0.57, 0.57, 4.7454145722610095, 4.7454145722610095, 6.8, 6.8]","[2.3, -2.3, 5.076691802906812, -5.076691802906812, 2.3, -2.3]",400,120,9928579.99726447,9497491.423594177,104369703.208499,512549189.0864428,18875044.4441752,126098984.11264211,33186866.47770196,15097293.291797137,6804036.485964049,243.5386415938744,0.0,-44414.17200228855,107101.53450482027,-30.47318162041251,15557.50040923899,0.0,0.0,-6504.521187161524,24550.864965631103,0.0,578.3028458404551,0.12,4.9642701127511575e-05,0.0002190119167390216,0.0,0.00026865461786653317,0.2179052380944594,0.00724019802976017,66241363.70168735,241795491.1286847,8400622.559570273,55410969.88841483,2481784.252433136,0.1,0.3703920928816606,4.8866469811700375,17.98631287137016,"[-1.0, 1.0, -1.0, 1.0, -1.0, 1.0]",0.0039726154115487175,0.0,0.171,0.798,1.638,1.8091103599053784,2.0091103599053786,1.6,1.8,0.2459,0.12087373219435008,"{'youngsmodulus': 70000000000.0, 'poisson': 0.3, 'shear_modulus': 26000000000.0, 'beta': 1.42, 'sigma_yield': 430000000.0, 'ultimate_tensile_stress': 640000000.0, 'm_crip': 0.85, 'pb': 2.5, 'rho': 2710, 'g': 5, 'shear_strength': 207000000.0}",-0.0352,-0.193,-0.1027196,-0.1332698,7.8456082754816885,0.30290600906854137,0.11141196556681753,26000000000.0,0.41717671004592527,0,0.0873,0.592,0.013,0.4,0,0.5,0.0788965476150046,0.042293917952750226,0.0671352464773423,0.22197201625968602,0.1517455318010746,0.4004370786386418,42,0.2,1.83,0.091,0.2119,0.2,0.008684,0.1150494140983946,0.95,3.349289433051128,0.06632251157578412,-0.2827433388230817,0.36728315027554537,5.877787878419134,0.2986655798484523,0.5482207731312698,-2.6834802110702425,-0.09540400941322222,0,0,0,0,0,0,0,0,0,0,0,0,0,0,0,0,0,0,0,0,0,0,0,0,0,0,0,0,0,4.139468490691447,1.59,-0.0352,0.15,0.8169243118465416,2.3764818914412795,4400,17.98631287137016,0.7871679222456122,1.5743358444912243,0.4192765253685214,0.8385530507370428,4726.322717461369,0.2910154275656992,0.1170857365299662,0,0,0,0,0
Aetheria,2348.2742209045714,1838.2742209045714,240.8957242704875,173.13093695048582,96.7831470861445,30.09400243967952,95.06042728314941,486,466.5399501827616,249.770032691863,7.94902416943547,4.190731576634201,1.7,0.9,83.33,104.17,45,40,2,30.5,5,0.5582216067261786,1.2842313815437705,2.178253997156934,0.10954637660063087,1.59,2.01,1.83,1.77,0.040296748640587576,0.02552688656989284,0,0.036096433209543005,6.21,-0.054,-1.5961,0.799480152200161,8.4,6,12.301308641818933,5.12087125838976,1.7287730136166142,0.6915092054466456,0.14877,0.0510204081632653,0,-0.009637,10.165185320065692,0.4,1,1.2,120,820400747.2172267,0.06822382182812936,651169.427140945,138171.56930047515,138171.56930047515,0.06822382182812936,1.2333333333333332,0.05074320276750537,0.06253341164633416,1.2249512670565301,1873.4920312500003,220.449,15.153847136760763,0,0,0.045,2.600002319293611,3.9000034789404165,2.103,2.790024169435469,1.7,0.1745,0,"[0.57, 0.57, 4.761226671127684, 4.761226671127684, 6.8, 6.8]","[2.3, -2.3, 5.082592660032846, -5.082592660032846, 2.3, -2.3]",400,120,9962892.23525646,9534086.17185855,104631099.16985929,502664393.24434793,18922305.24257335,126414801.48267746,33121170.464905147,15149999.205748545,6804036.485964049,243.5386415938744,0.0,-44414.17200228855,107101.53450482027,-30.47318162041251,15557.50040923899,0.0,0.0,-6504.521187161524,24550.864965631103,0.0,578.3028458404551,0.12,4.9642701127511575e-05,0.0002190119167390216,0.0,0.00026865461786653317,0.2179052380944594,0.00724019802976017,66241363.70168735,241795491.1286847,8400622.559570273,55410969.88841483,2481784.252433136,0.1,0.3703920928816606,4.8866469811700375,17.98631287137016,"[-1.0, 1.0, -1.0, 1.0, -1.0, 1.0]",0.003962846487621657,0.0,0.171,0.798,1.638,1.8091103599053777,2.0091103599053777,1.6,1.8,0.2459,0.12087373219435008,"{'youngsmodulus': 70000000000.0, 'poisson': 0.3, 'shear_modulus': 26000000000.0, 'beta': 1.42, 'sigma_yield': 430000000.0, 'ultimate_tensile_stress': 640000000.0, 'm_crip': 0.85, 'pb': 2.5, 'rho': 2710, 'g': 5, 'shear_strength': 207000000.0}",-0.0352,-0.193,-0.1027196,-0.1332698,7.847296315053901,0.30284085066118166,0.11134680715945783,26000000000.0,0.41628670635749226,0,0.0873,0.592,0.013,0.4,0,0.5,0.07889654761500453,0.042293917952750226,0.06713524647734227,0.22197201625968602,0.1517455318010746,0.4004370786386418,42,0.2,1.83,0.091,0.2119,0.2,0.008684,0.09675352495664571,0.95,3.3132654904671806,0.06632251157578412,-0.2827433388230817,0.36958170163006465,5.8893339041545,Not possible. Lower CLh in the horizontal tail sizing program,0.5517310716042773,-2.6651844824652535,-0.09540400941322222,0,0,0,0,0,0,0,0,0,0,0,0,0,0,0,0,0,0,0,0,0,0,0,0,0,0,0,0,0,4.139776655690004,1.59,-0.0352,0.15,0.8169198104466502,2.3764818914412795,4400,17.98631287137016,0.7828785524510675,1.5657571049021348,0.4140828585292638,0.8281657170585276,4737.316319069988,0.28897383414728517,0.1141806589995286,0,0,0,0,0
Aetheria,2349.63149192884,1839.6314919288402,240.81791036986434,173.52090699062634,96.74305090834757,29.991175092360304,95.0002036147464,486,467.87410946830903,249.68413548458636,7.964865271836127,4.173550573221351,1.7,0.9,83.33,104.17,45,40,2,30.5,5,0.5582216067261786,1.2839573697136029,2.1777892309373037,0.10954637660063087,1.59,2.01,1.83,1.77,0.04036119361159919,0.025591331540904455,0,0.036096433209543005,6.21,-0.054,-1.5961,0.799480152200161,8.4,6,12.296059829890904,5.123646580157212,1.7284041515375423,0.691361660615017,0.14877,0.0510204081632653,0,-0.009637,10.16301641104075,0.4,1,1.2,120,825460934.5576466,0.06822382182812936,650756.8915278082,139579.72401704703,139579.72401704703,0.06822382182812936,1.2333333333333332,0.05074320276750537,0.06253341164633416,1.2249512670565301,1873.4920312500003,220.449,14.994075540737088,0,0,0.045,2.600002319293611,3.9000034789404165,2.103,2.8058652718361254,1.7,0.1745,0,"[0.57, 0.57, 4.74392394322874, 4.74392394322874, 6.8, 6.8]","[2.3, -2.3, 5.081508205520375, -5.081508205520375, 2.3, -2.3]",400,120,9956580.440375466,9526026.0935594,104583031.239579,507789978.6880225,18913616.66913236,126356726.035585,33194671.61916639,15140303.772226414,6804036.485964049,243.5386415938744,0.0,-44414.17200228855,107101.53450482027,-30.47318162041251,15557.50040923899,0.0,0.0,-6504.521187161524,24550.864965631103,0.0,578.3028458404551,0.12,4.9642701127511575e-05,0.0002190119167390216,0.0,0.00026865461786653317,0.2179052380944594,0.00724019802976017,66241363.70168735,241795491.1286847,8400622.559570273,55410969.88841483,2481784.252433136,0.1,0.3703920928816606,4.8866469811700375,17.98631287137016,"[-1.0, 1.0, -1.0, 1.0, -1.0, 1.0]",0.003973713504197672,0.0,0.171,0.798,1.638,1.809110359905379,2.009110359905379,1.6,1.8,0.2459,0.12087373219435008,"{'youngsmodulus': 70000000000.0, 'poisson': 0.3, 'shear_modulus': 26000000000.0, 'beta': 1.42, 'sigma_yield': 430000000.0, 'ultimate_tensile_stress': 640000000.0, 'm_crip': 0.85, 'pb': 2.5, 'rho': 2710, 'g': 5, 'shear_strength': 207000000.0}",-0.0352,-0.193,-0.1027196,-0.1332698,7.845502257487118,0.3029101023039482,0.11141605880222435,26000000000.0,0.4166901146415999,0,0.0873,0.592,0.013,0.4,0,0.5,0.07889654761500457,0.042293917952750226,0.06713524647734227,0.22197201625968602,0.1517455318010746,0.4004370786386418,42,0.2,1.83,0.091,0.2119,0.2,0.008684,0.09783446263244507,0.95,3.2537107405401113,0.06806784082777845,-0.2809980095710874,0.3724596967764777,5.905735622043126,0.2939170932699041,0.5418894576932055,-2.5765158945150737,-0.09301890917789163,0,0,0,0,0,0,0,0,0,0,0,0,0,0,0,0,0,0,0,0,0,0,0,0,0,0,0,0,0,4.140389418527353,1.59,-0.0352,0.15,0.8169245300340706,2.3764818914412795,4400,17.98631287137016,0.7852402529562604,1.5704805059125209,0.4168519231548339,0.8337038463096678,4735.294966454067,0.29948580313890555,0.1251813632250804,0,0,0,0,0
Aetheria,2344.899914089432,1834.8999140894323,240.92326944217533,173.51749838361306,96.79734164046735,24.77234130061571,95.08175024301998,486,468.0072725322576,249.80044054728322,7.964159716172705,4.182611135116181,1.7,0.9,83.33,104.17,45,40,2,30.5,5,0.5582216067261786,1.2843283711878755,2.1784185065148196,0.10954637660063087,1.59,2.01,1.83,1.77,0.04032625088146838,0.025556388810773645,0,0.036096433209543005,6.21,-0.054,-1.5961,0.799480152200161,8.4,6,12.303166787660667,5.469858575609344,1.7289035765990632,0.6915614306396254,0.14877,0.0510204081632653,0,-0.009637,10.165953030402491,0.4,1,1.2,120,825243716.713359,0.06822382182812936,651315.4906498173,139470.42208496705,139470.42208496705,0.06822382182812936,1.2333333333333332,0.05074320276750537,0.06253341164633416,1.2249512670565301,1873.4920312500003,220.449,15.015164873362568,0,0,0.045,2.600002319293611,3.9000034789404165,2.103,2.805159716172704,1.7,0.1745,0,"[0.57, 0.57, 4.7531493153938715, 4.7531493153938715, 6.8, 6.8]","[2.3, -2.3, 5.082976515201246, -5.082976515201246, 2.3, -2.3]",400,120,9965127.006942205,9534916.140103558,104648116.47625357,507391625.90304077,18925328.75753399,126435361.71215674,33189808.709604446,15153432.007723564,6804036.485964049,243.5386415938744,0.0,-44414.17200228855,107101.53450482027,-30.47318162041251,15557.50040923899,0.0,0.0,-6504.521187161524,24550.864965631103,0.0,578.3028458404551,0.12,4.9642701127511575e-05,0.0002190119167390216,0.0,0.00026865461786653317,0.2179052380944594,0.00724019802976017,66241363.70168735,241795491.1286847,8400622.559570273,55410969.88841483,2481784.252433136,0.1,0.3703920928816606,4.8866469811700375,17.98631287137016,"[-1.0, 1.0, -1.0, 1.0, -1.0, 1.0]",0.0039679422301938235,0.0,0.171,0.798,1.638,1.8091103599053786,2.0091103599053786,1.6,1.8,0.2459,0.12087373219435008,"{'youngsmodulus': 70000000000.0, 'poisson': 0.3, 'shear_modulus': 26000000000.0, 'beta': 1.42, 'sigma_yield': 430000000.0, 'ultimate_tensile_stress': 640000000.0, 'm_crip': 0.85, 'pb': 2.5, 'rho': 2710, 'g': 5, 'shear_strength': 207000000.0}",-0.0352,-0.193,-0.1027196,-0.1332698,7.846470768654883,0.3028727132884838,0.11137866978675996,26000000000.0,0.444589484155842,0,0.0873,0.592,0.013,0.4,0,0.5,0.07889654761500459,0.042293917952750226,0.0671352464773423,0.22197201625968602,0.1517455318010746,0.4004370786386418,42,0.2,1.83,0.091,0.2119,0.2,0.008684,0.10790927733490899,0.95,3.3546932543241996,0.06457718232378978,-0.28448866807507606,0.3566086652528632,6.228982172697098,0.2979414496400352,0.5472552661867137,-2.8443271158284142,-0.09791464123988598,0,0,0,0,0,0,0,0,0,0,0,0,0,0,0,0,0,0,0,0,0,0,0,0,0,0,0,0,0,3.998545077193032,1.59,-0.0352,0.15,0.8169219710249354,2.3764818914412795,4400,17.98631287137016,0.7851390274252065,1.570278054850413,0.4167292557028099,0.8334585114056198,4738.031903474505,0.2934359876552862,0.11905782363977348,0,0,0,0,0
Aetheria,2349.639289460523,1839.6392894605228,240.5559133915887,173.83563723600096,96.608078906356,30.075140103543003,94.79757093495839,486,468.37198698630453,249.39496190177144,7.978729827438457,4.182514130738395,1.7,0.9,83.33,104.17,45,40,2,30.5,5,0.5582216067261786,1.2830345593478578,2.1762240025861748,0.10954637660063087,1.59,2.01,1.83,1.77,0.0403314501147762,0.025561588044081464,0,0.036096433209543005,6.21,-0.054,-1.5961,0.799480152200161,8.4,6,12.278391246676048,5.119293097240318,1.7271619068144242,0.6908647627257698,0.14877,0.0510204081632653,0,-0.009637,10.155712012068815,0.4,1,1.2,120,829559412.0037584,0.06822382182812936,649368.845946816,140836.2407049742,140836.2407049742,0.06822382182812936,1.2333333333333332,0.05074320276750537,0.06253341164633416,1.2249512670565301,1873.4920312500003,220.449,14.83731257007841,0,0,0.045,2.600002319293611,3.9000034789404165,2.103,2.8197298274384566,1.7,0.1745,0,"[0.57, 0.57, 4.752477559987154, 4.752477559987154, 6.8, 6.8]","[2.3, -2.3, 5.077856006034407, -5.077856006034407, 2.3, -2.3]",400,120,9935343.342986286,9504560.051770773,104421244.63311931,512362352.28570604,18884430.497704692,126161256.21924524,33182542.821291674,15107682.151934354,6804036.485964049,243.5386415938744,0.0,-44414.17200228855,107101.53450482027,-30.47318162041251,15557.50040923899,0.0,0.0,-6504.521187161524,24550.864965631103,0.0,578.3028458404551,0.12,4.9642701127511575e-05,0.0002190119167390216,0.0,0.00026865461786653317,0.2179052380944594,0.00724019802976017,66241363.70168735,241795491.1286847,8400622.559570273,55410969.88841483,2481784.252433136,0.1,0.3703920928816606,4.8866469811700375,17.98631287137016,"[-1.0, 1.0, -1.0, 1.0, -1.0, 1.0]",0.003968198981978121,0.0,0.171,0.798,1.638,1.8091103599053786,2.0091103599053786,1.6,1.8,0.2459,0.12087373219435008,"{'youngsmodulus': 70000000000.0, 'poisson': 0.3, 'shear_modulus': 26000000000.0, 'beta': 1.42, 'sigma_yield': 430000000.0, 'ultimate_tensile_stress': 640000000.0, 'm_crip': 0.85, 'pb': 2.5, 'rho': 2710, 'g': 5, 'shear_strength': 207000000.0}",-0.0352,-0.193,-0.1027196,-0.1332698,7.84634990675706,0.3028773786132988,0.11138333511157492,26000000000.0,0.4169351663741934,0,0.0873,0.592,0.013,0.4,0,0.5,0.07889654761500461,0.042293917952750226,0.0671352464773423,0.22197201625968602,0.1517455318010746,0.4004370786386418,42,0.2,1.83,0.091,0.2119,0.2,0.008684,0.09693698167352438,0.95,3.307151068580191,0.06632251157578412,-0.2827433388230817,0.36953156691760014,5.887290251613038,Not possible. Lower CLh in the horizontal tail sizing program,0.551469903475428,-2.6655812214548287,-0.0954040094132222,0,0,0,0,0,0,0,0,0,0,0,0,0,0,0,0,0,0,0,0,0,0,0,0,0,0,0,0,0,4.139346363536831,1.59,-0.0352,0.15,0.8169223517875569,2.3764818914412795,4400,17.98631287137016,0.7871475930503129,1.5742951861006258,0.4192499503897531,0.8384999007795062,4728.490676761339,0.2875827562071398,0.11345325011576123,0,0,0,0,0
Aetheria,2350.203610385678,1840.203610385678,240.92387468806137,173.49248419914784,96.7976535411093,30.169393263105977,95.08221879569967,486,467.9368771964853,249.80110870206872,7.963167532123965,4.190618599733679,1.7,0.9,83.33,104.17,45,40,2,30.5,5,0.5582216067261786,1.284330502284367,2.1784221211823303,0.10954637660063087,1.59,2.01,1.83,1.77,0.04029679298762324,0.0255269309169285,0,0.036096433209543005,6.21,-0.054,-1.5961,0.799480152200161,8.4,6,12.303207617183574,5.121164158428445,1.7289064453828016,0.6915625781531207,0.14877,0.0510204081632653,0,-0.009637,10.165969898850873,0.4,1,1.2,120,824936907.2849517,0.06822382182812936,651318.7002627839,139400.7852327525,139400.7852327525,0.06822382182812936,1.2333333333333332,0.05074320276750537,0.06253341164633416,1.2249512670565301,1873.4920312500003,220.449,15.022719290838067,0,0,0.045,2.600002319293611,3.9000034789404165,2.103,2.8041675321239636,1.7,0.1745,0,"[0.57, 0.57, 4.761157726710004, 4.761157726710004, 6.8, 6.8]","[2.3, -2.3, 5.082984949425437, -5.082984949425437, 2.3, -2.3]",400,120,9965176.114020593,9536035.019261016,104648490.40578349,507136657.4402204,18925429.916324686,126435813.4920546,33135797.45679997,15153507.440486927,6804036.485964049,243.5386415938744,0.0,-44414.17200228855,107101.53450482027,-30.47318162041251,15557.50040923899,0.0,0.0,-6504.521187161524,24550.864965631103,0.0,578.3028458404551,0.12,4.9642701127511575e-05,0.0002190119167390216,0.0,0.00026865461786653317,0.2179052380944594,0.00724019802976017,66241363.70168735,241795491.1286847,8400622.559570273,55410969.88841483,2481784.252433136,0.1,0.3703920928816606,4.8866469811700375,17.98631287137016,"[-1.0, 1.0, -1.0, 1.0, -1.0, 1.0]",0.003962902555999936,0.0,0.171,0.798,1.638,1.8091103599053786,2.0091103599053786,1.6,1.8,0.2459,0.12087373219435008,"{'youngsmodulus': 70000000000.0, 'poisson': 0.3, 'shear_modulus': 26000000000.0, 'beta': 1.42, 'sigma_yield': 430000000.0, 'ultimate_tensile_stress': 640000000.0, 'm_crip': 0.85, 'pb': 2.5, 'rho': 2710, 'g': 5, 'shear_strength': 207000000.0}",-0.0352,-0.193,-0.1027196,-0.1332698,7.847293216381059,0.302840970244418,0.11134692674269414,26000000000.0,0.4162462601440495,0,0.0873,0.592,0.013,0.4,0,0.5,0.07889654761500459,0.042293917952750226,0.0671352464773423,0.22197201625968602,0.1517455318010746,0.4004370786386418,42,0.2,1.83,0.091,0.2119,0.2,0.008684,0.11485864254834925,0.95,3.360532817149927,0.06632251157578412,-0.2827433388230817,0.3672267071660159,5.878971943327715,0.29879327036147596,0.5483910271486346,-2.683932229629202,-0.09540400941322222,0,0,0,0,0,0,0,0,0,0,0,0,0,0,0,0,0,0,0,0,0,0,0,0,0,0,0,0,0,4.139849076934008,1.59,-0.0352,0.15,0.8169198136943778,2.3764818914412795,4400,17.98631287137016,0.7849960277906162,1.5699920555812323,0.41655665078707,0.8331133015741401,4738.047627197144,0.29030418042350237,0.11549444344522573,0,0,0,0,0
Aetheria,2343.6717778340544,1833.6717778340546,240.96767608941224,173.20786460037465,96.82022633285787,24.771859724539606,95.11613079127343,486,466.9385566347497,249.84946366084705,7.951677195717018,4.1815930193873525,1.7,0.9,83.33,104.17,45,40,2,30.5,5,0.5582216067261786,1.2844847240553066,2.1786837050322703,0.10954637660063087,1.59,2.01,1.83,1.77,0.04032942397909689,0.025559561908402154,0,0.036096433209543005,6.21,-0.054,-1.5961,0.799480152200161,8.4,6,12.306162520745175,5.4705369991128325,1.7291140516129127,0.6916456206451651,0.14877,0.0510204081632653,0,-0.009637,10.167190623483927,0.4,1,1.2,120,821273863.772342,0.06822382182812936,651550.9993946318,138350.84194737743,138350.84194737743,0.06822382182812936,1.2333333333333332,0.05074320276750537,0.06253341164633416,1.2249512670565301,1873.4920312500003,220.449,15.140640967440152,0,0,0.045,2.600002319293611,3.9000034789404165,2.103,2.7926771957170176,1.7,0.1745,0,"[0.57, 0.57, 4.752200656419614, 4.752200656419614, 6.8, 6.8]","[2.3, -2.3, 5.083595311741964, -5.083595311741964, 2.3, -2.3]",400,120,9968730.290737867,9538099.203412773,104675552.77223048,503318382.84313136,18930396.77751986,126468510.11580403,33215224.796476897,15158966.973028723,6804036.485964049,243.5386415938744,0.0,-44414.17200228855,107101.53450482027,-30.47318162041251,15557.50040923899,0.0,0.0,-6504.521187161524,24550.864965631103,0.0,578.3028458404551,0.12,4.9642701127511575e-05,0.0002190119167390216,0.0,0.00026865461786653317,0.2179052380944594,0.00724019802976017,66241363.70168735,241795491.1286847,8400622.559570273,55410969.88841483,2481784.252433136,0.1,0.3703920928816606,4.8866469811700375,17.98631287137016,"[-1.0, 1.0, -1.0, 1.0, -1.0, 1.0]",0.003968560084893871,0.0,0.171,0.798,1.638,1.8091103599053795,2.0091103599053795,1.6,1.8,0.2459,0.12087373219435008,"{'youngsmodulus': 70000000000.0, 'poisson': 0.3, 'shear_modulus': 26000000000.0, 'beta': 1.42, 'sigma_yield': 430000000.0, 'ultimate_tensile_stress': 640000000.0, 'm_crip': 0.85, 'pb': 2.5, 'rho': 2710, 'g': 5, 'shear_strength': 207000000.0}",-0.0352,-0.193,-0.1027196,-0.1332698,7.84637924681931,0.3028762460601984,0.11138220255847459,26000000000.0,0.4445363849120997,0,0.0873,0.592,0.013,0.4,0,0.5,0.07889654761500456,0.042293917952750226,0.06713524647734227,0.22197201625968602,0.1517455318010746,0.4004370786386418,42,0.2,1.83,0.091,0.2119,0.2,0.008684,0.10785895951928401,0.95,3.353978189377637,0.06457718232378978,-0.28448866807507606,0.35667565163159176,6.230065714471141,0.298033662040185,0.5473782160535801,-2.843744797108325,-0.097914641239886,0,0,0,0,0,0,0,0,0,0,0,0,0,0,0,0,0,0,0,0,0,0,0,0,0,0,0,0,0,3.9986841260210197,1.59,-0.0352,0.15,0.8169222034047688,2.3764818914412795,4400,17.98631287137016,0.7832865943862762,1.5665731887725527,0.4145488042393893,0.8290976084787786,4739.18558034272,0.29469893290128807,0.12023479469121187,0,0,0,0,0
Aetheria,2349.196980424258,1839.1969804242583,240.46053240729412,173.82186300127262,96.55895355463545,30.13791664811916,94.7238547886813,486,468.2041576716733,249.2897023525825,7.978703707203978,4.175385048046056,1.7,0.9,83.33,104.17,45,40,2,30.5,5,0.5582216067261786,1.2826985220554805,2.175654031640257,0.10954637660063087,1.59,2.01,1.83,1.77,0.04035910196675556,0.02558923989606082,0,0.036096433209543005,6.21,-0.054,-1.5961,0.799480152200161,8.4,6,12.271960465832416,5.119836586303895,1.726709548920839,0.6906838195683356,0.14877,0.0510204081632653,0,-0.009637,10.153052147654531,0.4,1,1.2,120,829552008.780777,0.06822382182812936,648863.886079559,140880.01157051986,140880.01157051986,0.06822382182812936,1.2333333333333332,0.05074320276750537,0.06253341164633416,1.2249512670565301,1873.4920312500003,220.449,14.824339337891804,0,0,0.045,2.600002319293611,3.9000034789404165,2.103,2.8197037072039777,1.7,0.1745,0,"[0.57, 0.57, 4.7451991991899325, 4.7451991991899325, 6.8, 6.8]","[2.3, -2.3, 5.0765260738272655, -5.0765260738272655, 2.3, -2.3]",400,120,9927617.457017252,9496630.1448612,104362367.29076727,512522330.576818,18873791.824674115,126090120.89137128,33183335.81286564,15095814.782402288,6804036.485964049,243.5386415938744,0.0,-44414.17200228855,107101.53450482027,-30.47318162041251,15557.50040923899,0.0,0.0,-6504.521187161524,24550.864965631103,0.0,578.3028458404551,0.12,4.9642701127511575e-05,0.0002190119167390216,0.0,0.00026865461786653317,0.2179052380944594,0.00724019802976017,66241363.70168735,241795491.1286847,8400622.559570273,55410969.88841483,2481784.252433136,0.1,0.3703920928816606,4.8866469811700375,17.98631287137016,"[-1.0, 1.0, -1.0, 1.0, -1.0, 1.0]",0.00397274596924986,0.0,0.171,0.798,1.638,1.8091103599053784,2.0091103599053786,1.6,1.8,0.2459,0.12087373219435008,"{'youngsmodulus': 70000000000.0, 'poisson': 0.3, 'shear_modulus': 26000000000.0, 'beta': 1.42, 'sigma_yield': 430000000.0, 'ultimate_tensile_stress': 640000000.0, 'm_crip': 0.85, 'pb': 2.5, 'rho': 2710, 'g': 5, 'shear_strength': 207000000.0}",-0.0352,-0.193,-0.1027196,-0.1332698,7.845584283801619,0.30290693535061264,0.11141289184888882,26000000000.0,0.4171979367566038,0,0.0873,0.592,0.013,0.4,0,0.5,0.07889654761500461,0.042293917952750226,0.0671352464773423,0.22197201625968602,0.1517455318010746,0.4004370786386418,42,0.2,1.83,0.091,0.2119,0.2,0.008684,0.11505723026133759,0.95,3.349138615484202,0.06632251157578412,-0.2827433388230817,0.3672787220843255,5.87768314824359,0.2986558853316861,0.5482078471089148,-2.6835156689678747,-0.09540400941322223,0,0,0,0,0,0,0,0,0,0,0,0,0,0,0,0,0,0,0,0,0,0,0,0,0,0,0,0,0,4.139449223989535,1.59,-0.0352,0.15,0.8169243768537598,2.3764818914412795,4400,17.98631287137016,0.7871441521759412,1.5742883043518825,0.419245454780389,0.838490909560778,4726.01414000237,0.29111040273982225,0.1171731545176635,0,0,0,0,0
Aetheria,2348.3136201357315,1838.3136201357315,240.88954180543595,173.12816510171388,96.77996121513118,30.168665676980737,95.05564170699606,486,466.52843683415074,249.76320779532298,7.948947978442343,4.190632526745399,1.7,0.9,83.33,104.17,45,40,2,30.5,5,0.5582216067261786,1.2842096118723836,2.1782170724450816,0.10954637660063087,1.59,2.01,1.83,1.77,0.04029719298443944,0.025527330913744706,0,0.036096433209543005,6.21,-0.054,-1.5961,0.799480152200161,8.4,6,12.300891593643906,5.120832244401854,1.7287437082897472,0.6914974833158989,0.14877,0.0510204081632653,0,-0.009637,10.165013004743713,0.4,1,1.2,120,820375528.1189739,0.06822382182812936,651136.6456673983,138168.1613824464,138168.1613824464,0.06822382182812936,1.2333333333333332,0.05074320276750537,0.06253341164633416,1.2249512670565301,1873.4920312500003,220.449,15.15366772862139,0,0,0.045,2.600002319293611,3.9000034789404165,2.103,2.789947978442342,1.7,0.1745,0,"[0.57, 0.57, 4.761117950481016, 4.761117950481016, 6.8, 6.8]","[2.3, -2.3, 5.0825065023718565, -5.0825065023718565, 2.3, -2.3]",400,120,9962390.678711195,9533631.698367508,104627279.7981359,502651798.8480654,18921646.08342393,126410186.93574034,33119365.30417366,15149228.772355767,6804036.485964049,243.5386415938744,0.0,-44414.17200228855,107101.53450482027,-30.47318162041251,15557.50040923899,0.0,0.0,-6504.521187161524,24550.864965631103,0.0,578.3028458404551,0.12,4.9642701127511575e-05,0.0002190119167390216,0.0,0.00026865461786653317,0.2179052380944594,0.00724019802976017,66241363.70168735,241795491.1286847,8400622.559570273,55410969.88841483,2481784.252433136,0.1,0.3703920928816606,4.8866469811700375,17.98631287137016,"[-1.0, 1.0, -1.0, 1.0, -1.0, 1.0]",0.003962912040443491,0.0,0.171,0.798,1.638,1.8091103599053784,2.0091103599053786,1.6,1.8,0.2459,0.12087373219435008,"{'youngsmodulus': 70000000000.0, 'poisson': 0.3, 'shear_modulus': 26000000000.0, 'beta': 1.42, 'sigma_yield': 430000000.0, 'ultimate_tensile_stress': 640000000.0, 'm_crip': 0.85, 'pb': 2.5, 'rho': 2710, 'g': 5, 'shear_strength': 207000000.0}",-0.0352,-0.193,-0.1027196,-0.1332698,7.847284316335018,0.3028413137133774,0.1113472702116536,26000000000.0,0.4162976484605296,0,0.0873,0.592,0.013,0.4,0,0.5,0.07889654761500461,0.042293917952750226,0.0671352464773423,0.22197201625968602,0.1517455318010746,0.4004370786386418,42,0.2,1.83,0.091,0.2119,0.2,0.008684,0.11488930861646926,0.95,3.3605218156613375,0.06632251157578412,-0.2827433388230817,0.3671966140667175,5.878454819522128,0.2987468287599672,0.5483291050132897,-2.6841732811898487,-0.09540400941322226,0,0,0,0,0,0,0,0,0,0,0,0,0,0,0,0,0,0,0,0,0,0,0,0,0,0,0,0,0,4.139766491386857,1.59,-0.0352,0.15,0.8169198429878962,2.3764818914412795,4400,17.98631287137016,0.782866763215684,1.565733526431368,0.41406946416723306,0.8281389283344661,4737.155711025515,0.2890160508942016,0.11422027375090457,0,0,0,0,0
Aetheria,2348.248127349394,1838.2481273493943,240.82096897007676,173.16971765170305,96.74462687443422,29.991172626958953,95.00257044687471,486,466.83155906899026,249.6875117103563,7.950962100846164,4.173503981304526,1.7,0.9,83.33,104.17,45,40,2,30.5,5,0.5582216067261786,1.2839681407557102,2.177807500281801,0.10954637660063087,1.59,2.01,1.83,1.77,0.040361326388615726,0.025591464317920986,0,0.036096433209543005,6.21,-0.054,-1.5961,0.799480152200161,8.4,6,12.296266132587279,5.123685576799744,1.728418651017302,0.6913674604069209,0.14877,0.0510204081632653,0,-0.009637,10.163101667981737,0.4,1,1.2,120,821039493.8930897,0.06822382182812936,650773.1044648334,138362.7731708886,138362.7731708886,0.06822382182812936,1.2333333333333332,0.05074320276750537,0.06253341164633416,1.2249512670565301,1873.4920312500003,220.449,15.126227124284956,0,0,0.045,2.600002319293611,3.9000034789404165,2.103,2.7919621008461633,1.7,0.1745,0,"[0.57, 0.57, 4.743882136140236, 4.743882136140236, 6.8, 6.8]","[2.3, -2.3, 5.081550833990868, -5.081550833990868, 2.3, -2.3]",400,120,9956828.498311952,9526300.98227503,104584920.48130757,503362404.97125524,18914008.84234657,126359008.60854815,33195336.70029518,15140684.808749909,6804036.485964049,243.5386415938744,0.0,-44414.17200228855,107101.53450482027,-30.47318162041251,15557.50040923899,0.0,0.0,-6504.521187161524,24550.864965631103,0.0,578.3028458404551,0.12,4.9642701127511575e-05,0.0002190119167390216,0.0,0.00026865461786653317,0.2179052380944594,0.00724019802976017,66241363.70168735,241795491.1286847,8400622.559570273,55410969.88841483,2481784.252433136,0.1,0.3703920928816606,4.8866469811700375,17.98631287137016,"[-1.0, 1.0, -1.0, 1.0, -1.0, 1.0]",0.003973741296179157,0.0,0.171,0.798,1.638,1.809110359905378,2.009110359905378,1.6,1.8,0.2459,0.12087373219435008,"{'youngsmodulus': 70000000000.0, 'poisson': 0.3, 'shear_modulus': 26000000000.0, 'beta': 1.42, 'sigma_yield': 430000000.0, 'ultimate_tensile_stress': 640000000.0, 'm_crip': 0.85, 'pb': 2.5, 'rho': 2710, 'g': 5, 'shear_strength': 207000000.0}",-0.0352,-0.193,-0.1027196,-0.1332698,7.8454983490164585,0.30291025320771425,0.11141620970599042,26000000000.0,0.4166862949738109,0,0.0873,0.592,0.013,0.4,0,0.5,0.07889654761500461,0.042293917952750226,0.0671352464773423,0.22197201625968602,0.1517455318010746,0.4004370786386418,42,0.2,1.83,0.091,0.2119,0.2,0.008684,0.0978306524169933,0.95,3.2536795538878396,0.06806784082777845,-0.2809980095710874,0.3724637722727636,5.905799378689493,0.2939225899888789,0.5418967866518386,-2.57648491567764,-0.09301890917789164,0,0,0,0,0,0,0,0,0,0,0,0,0,0,0,0,0,0,0,0,0,0,0,0,0,0,0,0,0,4.140398914268084,1.59,-0.0352,0.15,0.816924539757913,2.3764818914412795,4400,17.98631287137016,0.7831770862048614,1.5663541724097227,0.414423300728488,0.828846601456976,4735.374415003702,0.29892216200032373,0.1246159189429394,0,0,0,0,0
