name,mtom,oem,wing_weight,fuselage_weight,lg_weight,hortail_weight,nacelle_weight,powertrain_weight,h2_weight,misc_weight,l_fuse,w_fuse,eff,v_cruise,v_max,v_stall,loadfactor,h_hover,roc,cL_cruise,mac,y_mac,x_lemac,cLmax,cd,cd0,clalpha,e,A,A_h,S,S_h,c_root,c_tip,t_r_h,sweep_le,sweep_1/4,sweep_m,b,taper,StotS,diskloading,mission_energy,wp_hover,power_hover,power_climb,power_cruise,wp_cruise,tw,WP_hover,WP_cruise,TW,WS,ld_climb,ld_cr,ducted_bool,tandem_bool,G,n_max,n_ult,A_tot,l_cockpit,l_cabin,l_tail,l_fuselage,d_fuselage,upsweep,h_wings,x_rotor_loc,y_rotor_loc,ww,w_eng,takeoff_energy,trans2hor_energy,climb_energy,cruise_energy,descend_energy,hor_loiter_energy,trans2ver_energy,ver_loiter_energy,land_energy
J1,2836.1961454215552,2361.1961454215552,129.5534313690146,271.45503853584535,112.8495863242174,119.14052209471706,266.62396558695514,50.13088503917161,1141.5700010331468,269.8727154384874,9.05,1.69,0.9,83.33,104.17,45,2,30.5,5,0.346,1.3726706900086127,2.3282606703607627,0.12285239529266305,1.5,0.07,0.017,4.97,0.8,8.4,6,14.053920090385642,3.25,1.847825928857748,0.7391303715430992,0.14877,0.0527657391874541,0.1,-0.255,10.86521646168356,0.4,1.2,45,937000656.848007,0.06822382182812936,350916.1952742013,131232.94531882912,168638.1559686626,0.06822382182812936,1.2333333333333332,0.048057715169801465,0.07608290452035935,1.2237037037037035,1860.46875,220.449,13.26,0,0,0.045,4.031659180251925,6.047488770377887,55.78,2.103,3.25,3.942,9.295,1.7,0.1745,0,"[0.57, 0.57, 3.4, 3.4, 6.8, 6.8]","[2.3, -2.3, 5.4, -5.4, 2.3, -2.3]",400,120,6194180.697889517,2680406.7847279743,9711237.953593355,776207684.8405092,2595545.802255167,121855291.31691824,1859805.806192162,10527485.858226039,5369017.78769528
J1,2965.905353885949,2490.905353885949,135.75773661622028,273.8813414937648,119.64784581686222,125.85312030871376,283.6196143043148,53.32642265763162,1214.338113536176,284.48115915226543,9.05,1.69,0.9,83.33,104.17,45,2,30.5,5,0.346,1.4157445542748373,2.4013205709046277,0.126707454949822,1.5,0.07,0.017,4.97,0.8,8.4,6,14.949771625832627,3.25,1.905809976908435,0.762323990763374,0.14877,0.052765739187454114,0.1,-0.255,11.206162664221596,0.4,1.2,45,996728723.5904931,0.06822382182812936,373284.95860342134,139598.2437415468,179387.80802217225,0.06822382182812936,1.2333333333333332,0.046595564745900174,0.07608290452035935,1.2237037037037035,1860.46875,220.449,13.26,0,0,0.045,4.031659180251925,6.047488770377887,55.78,2.103,3.25,3.942,9.295,1.7,0.1745,0,"[0.57, 0.57, 3.4, 3.4, 6.8, 6.8]","[2.3, -2.3, 5.4, -5.4, 2.3, -2.3]",400,120,6589021.870555393,2851266.3398042675,10330270.036874462,825686182.072454,2760995.9882046347,129622821.59505612,1978357.0628091865,11198548.75810264,5711259.866632347
J1,3064.65626836671,2589.65626836671,140.43207244032453,275.65068375355673,124.83621415543796,130.94545746854394,296.59053513987686,55.76522721080931,1269.8740593730638,295.5620188250966,9.05,1.69,0.9,83.33,104.17,45,2,30.5,5,0.346,1.4477561302006927,2.455617128532714,0.12957245294840214,1.5,0.07,0.017,4.97,0.8,8.4,6,15.633477175408423,3.25,1.948902482962471,0.7795609931849885,0.14877,0.0527657391874541,0.1,-0.255,11.45954659981933,0.4,1.2,45,1042312627.9334108,0.06822382182812936,390356.5904756652,145982.56159909896,187591.84236735685,0.06822382182812936,1.2333333333333332,0.045565282485265056,0.07608290452035935,1.2237037037037035,1860.46875,220.449,13.26,0,0,0.045,4.031659180251925,6.047488770377887,55.78,2.103,3.25,3.942,9.295,1.7,0.1745,0,"[0.57, 0.57, 3.4, 3.4, 6.8, 6.8]","[2.3, -2.3, 5.4, -5.4, 2.3, -2.3]",400,120,6890360.97672546,2981664.7611737493,10802709.558333322,863447710.4101517,2887266.0294292197,135550928.37115395,2068834.2778957265,11710697.714269955,5972455.834277677
J1,3139.70739384465,2664.70739384465,143.95748104311988,276.9538454785797,128.78625073466839,134.80548207024947,306.46562657967183,57.62195105268097,1312.1549853217575,303.96177156392224,9.05,1.69,0.9,83.33,104.17,45,2,30.5,5,0.346,1.4716605702561845,2.4961627364729893,0.1317118719221755,1.5,0.07,0.017,4.97,0.8,8.4,6,16.15399957359047,3.25,1.9810815368833252,0.7924326147533302,0.14877,0.052765739187454114,0.1,-0.255,11.64875943687395,0.4,1.2,45,1077016811.9520986,0.06822382182812936,403353.6573687668,150843.104919292,193837.7820628484,0.06822382182812936,1.2333333333333332,0.04482515763188873,0.07608290452035935,1.2237037037037035,1860.46875,220.449,13.26,0,0,0.045,4.031659180251925,6.047488770377887,55.78,2.103,3.25,3.942,9.295,1.7,0.1745,0,"[0.57, 0.57, 3.4, 3.4, 6.8, 6.8]","[2.3, -2.3, 5.4, -5.4, 2.3, -2.3]",400,120,7119778.091018296,3080940.390942308,11162389.764027609,892196520.9201044,2983398.6185497073,140064146.60916328,2137716.8794877413,12100609.721063003,6171310.957742132
J1,3196.675086286832,2721.675086286832,146.61835549959042,277.92042544165366,131.788295753786,137.729706391518,313.97073912117213,59.0330692662884,1344.2886733527391,310.3258214600847,9.05,1.69,0.9,83.33,104.17,45,2,30.5,5,0.346,1.4895715070484408,2.5265424408013946,0.13331487947736007,1.5,0.07,0.017,4.97,0.8,8.4,6,16.549598865257284,3.25,2.0051924133344396,0.8020769653337759,0.14877,0.05276573918745409,0.1,-0.255,11.790531390406507,0.4,1.2,45,1103392143.0879283,0.06822382182812936,413231.4848640188,154537.13903059976,198584.72345856897,0.06822382182812936,1.2333333333333332,0.04428617003629586,0.07608290452035935,1.2237037037037035,1860.46875,220.449,13.26,0,0,0.045,4.031659180251925,6.047488770377887,55.78,2.103,3.25,3.942,9.295,1.7,0.1745,0,"[0.57, 0.57, 3.4, 3.4, 6.8, 6.8]","[2.3, -2.3, 5.4, -5.4, 2.3, -2.3]",400,120,7294136.097950302,3156390.3023263,11435748.288264383,914045742.2287775,3056459.8053400978,143494212.14396048,2190067.9569690167,12396944.545920564,6322441.718419488
J1,3239.8768887009915,2764.8768887009915,148.62778301761446,278.64099231349485,134.06700345147328,139.94406634996392,319.66750836061306,60.10418109679625,1368.6798073314035,315.14554677963235,9.05,1.69,0.9,83.33,104.17,45,2,30.5,5,0.346,1.5030243506951992,2.54936053329455,0.1345188929946091,1.5,0.07,0.017,4.97,0.8,8.4,6,16.849879222607075,3.25,2.02330201055123,0.809320804220492,0.14877,0.05276573918745409,0.1,-0.255,11.897015822041233,0.4,1.2,45,1123412385.8576157,0.06822382182812936,420729.2676775738,157341.10229942203,202187.8979046598,0.06822382182812936,1.2333333333333332,0.04388978595846207,0.07608290452035935,1.2237037037037035,1860.46875,220.449,13.26,0,0,0.045,4.031659180251925,6.047488770377887,55.78,2.103,3.25,3.942,9.295,1.7,0.1745,0,"[0.57, 0.57, 3.4, 3.4, 6.8, 6.8]","[2.3, -2.3, 5.4, -5.4, 2.3, -2.3]",400,120,7426482.858248443,3213660.693931242,11643241.57015723,930630433.153626,3111917.0312248636,146097809.58768293,2229805.136951039,12621878.030327214,6437157.795466879
J1,3272.617096593548,2797.617096593548,150.14584502250213,279.18014581729653,135.79507554803965,141.62036497145374,323.9876885984061,60.916465387792115,1387.1769748597005,318.7945363883571,9.05,1.69,0.9,83.33,104.17,45,2,30.5,5,0.346,1.5131466562390223,2.5665295207746497,0.13542482731009672,1.5,0.07,0.017,4.97,0.8,8.4,6,17.077598691501578,3.25,2.0369281910909915,0.8147712764363967,0.14877,0.0527657391874541,0.1,-0.255,11.977137763615032,0.4,1.2,45,1138594860.964842,0.06822382182812936,426415.25771454483,159467.50521172467,204920.3875634564,0.06822382182812936,1.2333333333333332,0.043596182016046627,0.07608290452035935,1.2237037037037035,1860.46875,220.449,13.26,0,0,0.045,4.031659180251925,6.047488770377887,55.78,2.103,3.25,3.942,9.295,1.7,0.1745,0,"[0.57, 0.57, 3.4, 3.4, 6.8, 6.8]","[2.3, -2.3, 5.4, -5.4, 2.3, -2.3]",400,120,7526848.843659513,3257092.050130359,11800595.385667626,943207536.2399482,3153973.3619695683,148072263.83548078,2259940.073517436,12792457.731436346,6524153.443032537
J1,3297.4166014217653,2822.4166014217653,151.29302296866956,279.58465577150616,137.1046838637419,142.88905388878769,327.2617093849163,61.53204980948158,1401.1949342145956,321.5564915200663,9.05,1.69,0.9,83.33,104.17,45,2,30.5,5,0.346,1.520772903954399,2.5794648101688082,0.1361073674165831,1.5,0.07,0.017,4.97,0.8,8.4,6,17.250174425294226,3.25,2.047194293784768,0.8188777175139071,0.14877,0.05276573918745409,0.1,-0.255,12.037502447454436,0.4,1.2,45,1150100802.00334,0.06822382182812936,430724.348666371,161078.98597228914,206991.18726379337,0.06822382182812936,1.2333333333333332,0.04337755944417248,0.07608290452035935,1.2237037037037035,1860.46875,220.449,13.26,0,0,0.045,4.031659180251925,6.047488770377887,55.78,2.103,3.25,3.942,9.295,1.7,0.1745,0,"[0.57, 0.57, 3.4, 3.4, 6.8, 6.8]","[2.3, -2.3, 5.4, -5.4, 2.3, -2.3]",400,120,7602910.559700849,3290006.223881331,11919844.961949397,952739012.8617967,3185845.481530219,149568591.278663,2282777.6412317287,12921730.459991131,6590082.534595476
J1,3316.194284590864,2841.194284590864,152.16011221725273,279.88875784245676,138.0966640568706,143.84908417217662,329.7416598656583,61.99833239656721,1411.81302350237,323.6466505375118,9.05,1.69,0.9,83.33,104.17,45,2,30.5,5,0.346,1.5265241474486027,2.5892198039416683,0.13662209687377713,1.5,0.07,0.017,4.97,0.8,8.4,6,17.38089420439486,3.25,2.0549363523346575,0.821974540933863,0.14877,0.052765739187454114,0.1,-0.255,12.083025751727785,0.4,1.2,45,1158816129.6907454,0.06822382182812936,433988.32677597046,162299.62345368048,208559.7419698389,0.06822382182812936,1.2333333333333332,0.043214132676921736,0.07608290452035935,1.2237037037037035,1860.46875,220.449,13.26,0,0,0.045,4.031659180251925,6.047488770377887,55.78,2.103,3.25,3.942,9.295,1.7,0.1745,0,"[0.57, 0.57, 3.4, 3.4, 6.8, 6.8]","[2.3, -2.3, 5.4, -5.4, 2.3, -2.3]",400,120,7660524.515617065,3314937.5014569853,12010172.135572355,959958756.2818538,3209987.4413346234,150702004.35207933,2300076.259879905,13019649.803279113,6640021.399672348
J1,3330.408383273931,2855.408383273931,152.81560060198584,280.1177180719351,138.84777138363455,144.5754567601562,331.61942818099345,62.35139213498584,1419.8528258245592,325.2281903156806,9.05,1.69,0.9,83.33,104.17,45,2,30.5,5,0.346,1.530864498885755,2.5965817077254543,0.13701055316875546,1.5,0.07,0.017,4.97,0.8,8.4,6,17.479872575652234,3.25,2.0607791331154393,0.8243116532461757,0.14877,0.05276573918745409,0.1,-0.255,12.117381302718785,0.4,1.2,45,1165415199.436798,0.06822382182812936,436459.7449449009,163223.86545160186,209747.41984919755,0.06822382182812936,1.2333333333333332,0.04309161071432735,0.07608290452035935,1.2237037037037035,1860.46875,220.449,13.26,0,0,0.045,4.031659180251925,6.047488770377887,55.78,2.103,3.25,3.942,9.295,1.7,0.1745,0,"[0.57, 0.57, 3.4, 3.4, 6.8, 6.8]","[2.3, -2.3, 5.4, -5.4, 2.3, -2.3]",400,120,7704148.637058483,3333814.9602836575,12078566.043418538,965425399.8879696,3228267.2447189367,151560201.79351008,2313174.423834732,13093792.348347027,6677834.097656984
J1,3341.1657342901153,2866.1657342901153,153.31118440194314,280.29029672971615,139.41633533095722,145.12498818428716,333.0408380481082,62.618646935149826,1425.9386960871911,326.42474857276244,9.05,1.69,0.9,83.33,104.17,45,2,30.5,5,0.346,1.5341418387943297,2.6021405804165356,0.1373038711953494,1.5,0.07,0.017,4.97,0.8,8.4,6,17.554796000649457,3.25,2.065190936838521,0.8260763747354084,0.14877,0.05276573918745412,0.1,-0.255,12.1433227086105,0.4,1.2,45,1170410481.7483664,0.06822382182812936,438330.5285460488,163923.4867439192,210646.4535813611,0.06822382182812936,1.2333333333333332,0.04299955543498641,0.07608290452035935,1.2237037037037035,1860.46875,220.449,13.26,0,0,0.045,4.031659180251925,6.047488770377887,55.78,2.103,3.25,3.942,9.295,1.7,0.1745,0,"[0.57, 0.57, 3.4, 3.4, 6.8, 6.8]","[2.3, -2.3, 5.4, -5.4, 2.3, -2.3]",400,120,7737170.685707746,3348104.58591167,12130338.01905002,969563472.2466704,3242104.464511809,152209829.4931683,2323089.3102104524,13149915.856381465,6706457.0867545465
J1,3349.3057024484606,2874.3057024484606,153.68590478968645,280.4204870796242,139.8466293716046,145.54070203663264,334.11657314882456,62.8209076454648,1430.544534565862,327.3299638107613,9.05,1.69,0.9,83.33,104.17,45,2,30.5,5,0.346,1.536617510734541,2.606339700899741,0.13752544089158286,1.5,0.07,0.017,4.97,0.8,8.4,6,17.611498687186312,3.25,2.0685235721426514,0.8274094288570606,0.14877,0.0527657391874541,0.1,-0.255,12.16291860419879,0.4,1.2,45,1174190953.9716594,0.06822382182812936,439746.3535182536,164452.96610013186,211326.84997144633,0.06822382182812936,1.2333333333333332,0.04293027808256246,0.07608290452035935,1.2237037037037035,1860.46875,220.449,13.26,0,0,0.045,4.031659180251925,6.047488770377887,55.78,2.103,3.25,3.942,9.295,1.7,0.1745,0,"[0.57, 0.57, 3.4, 3.4, 6.8, 6.8]","[2.3, -2.3, 5.4, -5.4, 2.3, -2.3]",400,120,7762162.053540081,3358919.096363431,12169519.491409758,972695200.6724724,3252576.5903721233,152701473.27241015,2330592.980714462,13192390.605547609,6728119.20882928
J1,3355.4643930091365,2880.4643930091365,153.96925671093666,280.51876241082886,140.17222809793842,145.85516756286071,334.93056996397644,62.97395608082507,1434.0297214396983,328.01473074207235,9.05,1.69,0.9,83.33,104.17,45,2,30.5,5,0.346,1.5384881764923524,2.609512637819721,0.1376928632535608,1.5,0.07,0.017,4.97,0.8,8.4,6,17.654404980957725,3.25,2.0710417760473976,0.828416710418959,0.14877,0.052765739187454114,0.1,-0.255,12.177725643158697,0.4,1.2,45,1177051595.3577042,0.06822382182812936,440817.6925657755,164853.61725426713,211841.69837064925,0.06822382182812936,1.2333333333333332,0.04287807865561238,0.07608290452035935,1.2237037037037035,1860.46875,220.449,13.26,0,0,0.045,4.031659180251925,6.047488770377887,55.78,2.103,3.25,3.942,9.295,1.7,0.1745,0,"[0.57, 0.57, 3.4, 3.4, 6.8, 6.8]","[2.3, -2.3, 5.4, -5.4, 2.3, -2.3]",400,120,7781072.744293097,3367102.3164324784,12199167.676815767,975064944.8249369,3260500.7318196693,153073494.66524714,2336270.9249296747,13224530.776973264,6744510.696256365
J1,3360.1236332070525,2885.1236332070525,154.1835292536578,280.59298164409086,140.41857572036545,146.09303442524126,335.5464390195276,63.08975235125803,1436.6666098260596,328.532710966852,9.05,1.69,0.9,83.33,104.17,45,2,30.5,5,0.346,1.5399020099506582,2.6119107168778477,0.13781939966769277,1.5,0.07,0.017,4.97,0.8,8.4,6,17.68686783355165,3.25,2.072945013395117,0.8291780053580468,0.14877,0.0527657391874541,0.1,-0.255,12.188916678763288,0.4,1.2,45,1179215953.3452296,0.06822382182812936,441628.2664588062,165156.7494573786,212231.232078235,0.06822382182812936,1.2333333333333332,0.04283871091543188,0.07608290452035935,1.2237037037037035,1860.46875,220.449,13.26,0,0,0.045,4.031659180251925,6.047488770377887,55.78,2.103,3.25,3.942,9.295,1.7,0.1745,0,"[0.57, 0.57, 3.4, 3.4, 6.8, 6.8]","[2.3, -2.3, 5.4, -5.4, 2.3, -2.3]",400,120,7795380.551199816,3373293.7313391203,12221599.459846018,976857890.5292808,3266496.128138809,153354965.62383875,2340566.8510023607,13248847.993764184,6756912.476819735
J1,3363.648254205026,2888.648254205026,154.34556957435188,280.6490533546437,140.6049453282821,146.27295529403364,336.01236303892847,63.177355817068594,1438.6614975779457,328.924514219772,9.05,1.69,0.9,83.33,104.17,45,2,30.5,5,0.346,1.5409707568653863,2.613723476067829,0.13791505124632097,1.5,0.07,0.017,4.97,0.8,8.4,6,17.711426987198756,3.25,2.074383711164943,0.8297534844659773,0.14877,0.05276573918745409,0.1,-0.255,12.197376221649867,0.4,1.2,45,1180853357.211978,0.06822382182812936,442241.49071948015,165386.0783597005,212525.9263953055,0.06822382182812936,1.2333333333333332,0.04280899994271042,0.07608290452035935,1.2237037037037035,1860.46875,220.449,13.26,0,0,0.045,4.031659180251925,6.047488770377887,55.78,2.103,3.25,3.942,9.295,1.7,0.1745,0,"[0.57, 0.57, 3.4, 3.4, 6.8, 6.8]","[2.3, -2.3, 5.4, -5.4, 2.3, -2.3]",400,120,7806204.850363257,3377977.7285185214,12238569.798617838,978214309.4979005,3271031.8311843458,153567907.12364227,2343816.8521589283,13267244.721584404,6766294.808008047
J1,3366.314422506667,2891.314422506667,154.46811352710694,280.6914262700105,140.74593016820103,146.40904306263934,336.36482513843026,63.24362606757624,1440.1705898247988,329.2208684479041,9.05,1.69,0.9,83.33,104.17,45,2,30.5,5,0.346,1.5417787500998472,2.6150939569001252,0.13798736568047937,1.5,0.07,0.017,4.97,0.8,8.4,6,17.730005490336623,3.25,2.075471394365179,0.8301885577460717,0.14877,0.052765739187454114,0.1,-0.255,12.203771798867251,0.4,1.2,45,1182092020.1281948,0.06822382182812936,442705.3824730337,165559.56103718246,212748.85668732924,0.06822382182812936,1.2333333333333332,0.04278656521767253,0.07608290452035935,1.2237037037037035,1860.46875,220.449,13.26,0,0,0.045,4.031659180251925,6.047488770377887,55.78,2.103,3.25,3.942,9.295,1.7,0.1745,0,"[0.57, 0.57, 3.4, 3.4, 6.8, 6.8]","[2.3, -2.3, 5.4, -5.4, 2.3, -2.3]",400,120,7814393.213808625,3381521.077672391,12251407.516751502,979240413.0203128,3274462.998824517,153728993.06247905,2346275.4123175135,13281161.47419101,6773392.351837415
J1,3368.331144064654,2893.331144064654,154.56079008501496,280.7234536445428,140.85257690026668,146.5119747433609,336.6314419683708,63.29375561096457,1441.3121292740402,329.44502183809294,9.05,1.69,0.9,83.33,104.17,45,2,30.5,5,0.346,1.5423896682275926,2.6161301680321856,0.1380420421268168,1.5,0.07,0.017,4.97,0.8,8.4,6,17.744059034302513,3.25,2.0762937841525284,0.8305175136610115,0.14877,0.052765739187454114,0.1,-0.255,12.208607450816865,0.4,1.2,45,1183028995.708132,0.06822382182812936,443056.289276752,165690.79047031928,212917.49033004174,0.06822382182812936,1.2333333333333332,0.04276961808112598,0.07608290452035935,1.2237037037037035,1860.46875,220.449,13.26,0,0,0.045,4.031659180251925,6.047488770377887,55.78,2.103,3.25,3.942,9.295,1.7,0.1745,0,"[0.57, 0.57, 3.4, 3.4, 6.8, 6.8]","[2.3, -2.3, 5.4, -5.4, 2.3, -2.3]",400,120,7820587.228731909,3384201.4127215007,12261118.494803626,980016599.9315383,3277058.4751622844,153850845.09258774,2348135.1683497983,13291688.67830256,6778761.225934305
J1,3369.856571880379,2894.856571880379,154.6308798923698,280.74766511255734,140.93324576258615,146.5898273768036,336.83311412400036,63.33167419651712,1442.175603352237,329.61456206330746,9.05,1.69,0.9,83.33,104.17,45,2,30.5,5,0.346,1.5428516133056254,2.616913697953003,0.13808338566226425,1.5,0.07,0.017,4.97,0.8,8.4,6,17.754689302866087,3.25,2.0769156332960343,0.8307662533184138,0.14877,0.052765739187454114,0.1,-0.255,12.21226392378068,0.4,1.2,45,1183737735.2315161,0.06822382182812936,443321.71937561984,165790.05398143613,213045.0468321766,0.06822382182812936,1.2333333333333332,0.04275681243320007,0.07608290452035935,1.2237037037037035,1860.46875,220.449,13.26,0,0,0.045,4.031659180251925,6.047488770377887,55.78,2.103,3.25,3.942,9.295,1.7,0.1745,0,"[0.57, 0.57, 3.4, 3.4, 6.8, 6.8]","[2.3, -2.3, 5.4, -5.4, 2.3, -2.3]",400,120,7825272.455624217,3386228.8501765323,12268463.994626272,980603716.9848514,3279021.7244741893,153943015.42401555,2349541.910032458,13299651.581268596,6782822.3064469835
J1,3371.0103646558828,2896.0103646558828,154.6838883410179,280.76597018120214,140.99426287521516,146.648710823482,336.9856569054449,63.36035543161658,1442.8287264231055,329.74279367479824,9.05,1.69,0.9,83.33,104.17,45,2,30.5,5,0.346,1.5432009320432614,2.617506196273379,0.13811464927410613,1.5,0.07,0.017,4.97,0.8,8.4,6,17.762729930632112,3.25,2.0773858700582366,0.8309543480232947,0.14877,0.05276573918745409,0.1,-0.255,12.215028915942433,0.4,1.2,45,1184273818.6480849,0.06822382182812936,443522.48802131606,165865.1358985925,213141.5292819538,0.06822382182812936,1.2333333333333332,0.042747134007381116,0.07608290452035935,1.2237037037037035,1860.46875,220.449,13.26,0,0,0.045,4.031659180251925,6.047488770377887,55.78,2.103,3.25,3.942,9.295,1.7,0.1745,0,"[0.57, 0.57, 3.4, 3.4, 6.8, 6.8]","[2.3, -2.3, 5.4, -5.4, 2.3, -2.3]",400,120,7828816.3139204765,3387762.3833885426,12274020.056495845,981047806.3935567,3280506.7064230987,154012732.13170275,2350605.955231841,13305674.640639482,6785894.066726136
J1,3371.8830481026803,2896.8830481026803,154.72397863990784,280.779810934444,141.0404145862353,146.69324668598134,337.1010361828985,63.38204915026334,1443.3227312346835,329.83978068826644,9.05,1.69,0.9,83.33,104.17,45,2,30.5,5,0.346,1.5434650948743829,2.6179542570753958,0.1381382915335255,1.5,0.07,0.017,4.97,0.8,8.4,6,17.76881164628678,3.25,2.0777414738693616,0.8310965895477447,0.14877,0.0527657391874541,0.1,-0.255,12.217119866351846,0.4,1.2,45,1184679297.7974281,0.06822382182812936,443674.3440518434,165921.92585134733,213214.50602485062,0.06822382182812936,1.2333333333333332,0.04273981786918064,0.07608290452035935,1.2237037037037035,1860.46875,220.449,13.26,0,0,0.045,4.031659180251925,6.047488770377887,55.78,2.103,3.25,3.942,9.295,1.7,0.1745,0,"[0.57, 0.57, 3.4, 3.4, 6.8, 6.8]","[2.3, -2.3, 5.4, -5.4, 2.3, -2.3]",400,120,7831496.793493144,3388922.3068688754,12278222.512999702,981383703.7373446,3281629.907027374,154065463.9836017,2351410.770544111,13310230.321555302,6788217.463993204
J1,3372.5431032086076,2897.5431032086076,154.75429914945641,280.79027684225537,141.07532192410721,146.72693071549966,337.1883045275051,63.3984574252712,1443.6963770321397,329.9131355923729,9.05,1.69,0.9,83.33,104.17,45,2,30.5,5,0.346,1.543664867217085,2.618293101702825,0.13815617092076152,1.5,0.07,0.017,4.97,0.8,8.4,6,17.773411616656364,3.25,2.078010398176845,0.8312041592707381,0.14877,0.052765739187454114,0.1,-0.255,12.218701141279848,0.4,1.2,45,1184985986.26798,0.06822382182812936,443789.20197689836,165964.87953658943,213269.70276110986,0.06822382182812936,1.2333333333333332,0.04273428672461443,0.07608290452035935,1.2237037037037035,1860.46875,220.449,13.26,0,0,0.045,4.031659180251925,6.047488770377887,55.78,2.103,3.25,3.942,9.295,1.7,0.1745,0,"[0.57, 0.57, 3.4, 3.4, 6.8, 6.8]","[2.3, -2.3, 5.4, -5.4, 2.3, -2.3]",400,120,7833524.202749129,3389799.6273395256,12281401.085707618,981637763.2686318,3282479.451759839,154105348.28106675,2352019.5011720527,13313676.059306951,6789974.790246545
J1,3373.0423318791436,2898.0423318791436,154.77723083436436,280.798191203436,141.1017241283443,146.75240701476076,337.2543100380425,63.41086784251713,1443.978984451043,329.9686163666354,9.05,1.69,0.9,83.33,104.17,45,2,30.5,5,0.346,1.5438159480826583,2.618549358094047,0.13816969247866587,1.5,0.07,0.017,4.97,0.8,8.4,6,17.776890809416006,3.25,2.078213776265117,0.8312855105060468,0.14877,0.052765739187454114,0.1,-0.255,12.219897004438886,0.4,1.2,45,1185217950.437416,0.06822382182812936,443876.0748976199,165997.36760470446,213311.4508746235,0.06822382182812936,1.2333333333333332,0.04273010466325145,0.07608290452035935,1.2237037037037035,1860.46875,220.449,13.26,0,0,0.045,4.031659180251925,6.047488770377887,55.78,2.103,3.25,3.942,9.295,1.7,0.1745,0,"[0.57, 0.57, 3.4, 3.4, 6.8, 6.8]","[2.3, -2.3, 5.4, -5.4, 2.3, -2.3]",400,120,7835057.63601881,3390463.1896636565,12283805.20274813,981829921.4806968,3283122.005873172,154135514.81428644,2352479.9152667415,13316282.246928597,6791303.945933585
J1,3373.4199177351793,2898.4199177351793,154.79457435059666,280.8041763018288,141.12169327516574,146.77167548474654,337.3042329050542,63.420254386226674,1444.1927328559198,330.0105781756412,9.05,1.69,0.9,83.33,104.17,45,2,30.5,5,0.346,1.5439302073582306,2.6187431594037673,0.13817991854802877,1.5,0.07,0.017,4.97,0.8,8.4,6,17.779522275728954,3.25,2.0783675868283873,0.831347034731355,0.14877,0.05276573918745412,0.1,-0.255,12.220801410550914,0.4,1.2,45,1185393395.128139,0.06822382182812936,443941.7807035867,166021.93975770762,213343.02680672324,0.06822382182812936,1.2333333333333332,0.04272694240191304,0.07608290452035935,1.2237037037037035,1860.46875,220.449,13.26,0,0,0.045,4.031659180251925,6.047488770377887,55.78,2.103,3.25,3.942,9.295,1.7,0.1745,0,"[0.57, 0.57, 3.4, 3.4, 6.8, 6.8]","[2.3, -2.3, 5.4, -5.4, 2.3, -2.3]",400,120,7836217.438959056,3390965.0709973793,12285623.542070363,981975259.1773232,3283607.9977742513,154158331.08847135,2352828.146670944,13318253.421107601,6792309.244764877
J1,3373.705498895445,2898.705498895445,154.80769150507837,280.8087025584605,141.13679670940715,146.7862487560895,337.3419914906261,63.42735379046955,1444.354399000505,330.04231508480893,9.05,1.69,0.9,83.33,104.17,45,2,30.5,5,0.346,1.544016620429566,2.6188897292670705,0.13818765241520858,1.5,0.07,0.017,4.97,0.8,8.4,6,17.7815125549718,3.25,2.0784839121167233,0.8313935648466894,0.14877,0.05276573918745412,0.1,-0.255,12.22148540324633,0.4,1.2,45,1185526090.6996143,0.06822382182812936,443991.47653328686,166040.52462266813,213366.90889935064,0.06822382182812936,1.2333333333333332,0.04272455112822279,0.07608290452035935,1.2237037037037035,1860.46875,220.449,13.26,0,0,0.045,4.031659180251925,6.047488770377887,55.78,2.103,3.25,3.942,9.295,1.7,0.1745,0,"[0.57, 0.57, 3.4, 3.4, 6.8, 6.8]","[2.3, -2.3, 5.4, -5.4, 2.3, -2.3]",400,120,7837094.642557066,3391344.663164669,12286998.822077442,982085183.670514,3283975.572152136,154175587.91470766,2353091.5274834125,13319744.295998605,6793069.590959289
J1,3373.9214928534757,2898.9214928534757,154.81761222287642,280.81212563388635,141.1482199558178,146.79727089965277,337.37054960662874,63.43272331389973,1444.4766726619996,330.0663185587141,9.05,1.69,0.9,83.33,104.17,45,2,30.5,5,0.346,1.5440819743933403,2.619000579644089,0.13819350151729115,1.5,0.07,0.017,4.97,0.8,8.4,6,17.78301787156759,3.25,2.0785718886064197,0.8314287554425679,0.14877,0.052765739187454114,0.1,-0.255,12.222002705005746,0.4,1.2,45,1185626452.9209692,0.06822382182812936,444029.0631972981,166054.58099478585,213384.97174681452,0.06822382182812936,1.2333333333333332,0.04272274279238764,0.07608290452035935,1.2237037037037035,1860.46875,220.449,13.26,0,0,0.045,4.031659180251925,6.047488770377887,55.78,2.103,3.25,3.942,9.295,1.7,0.1745,0,"[0.57, 0.57, 3.4, 3.4, 6.8, 6.8]","[2.3, -2.3, 5.4, -5.4, 2.3, -2.3]",400,120,7837758.10178708,3391631.761767092,12288038.993614152,982168323.3427372,3284253.58128739,154188639.84549454,2353290.7314440873,13320871.895918943,6793644.666918661
J1,3374.084855327046,2899.084855327046,154.82511543630528,280.8147144480904,141.15685971413902,146.80560722132756,337.3921490024137,63.436784452307236,1444.5691520541438,330.0844729983187,9.05,1.69,0.9,83.33,104.17,45,2,30.5,5,0.346,1.5441314018017722,2.6190844161330062,0.1381979252115997,1.5,0.07,0.017,4.97,0.8,8.4,6,17.78415638956125,3.25,2.0786384255023855,0.8314553702009543,0.14877,0.0527657391874541,0.1,-0.255,12.222393941954028,0.4,1.2,45,1185702360.0060413,0.06822382182812936,444057.49116615066,166065.2122683839,213398.63324294897,0.06822382182812936,1.2333333333333332,0.04272137524396859,0.07608290452035935,1.2237037037037035,1860.46875,220.449,13.26,0,0,0.045,4.031659180251925,6.047488770377887,55.78,2.103,3.25,3.942,9.295,1.7,0.1745,0,"[0.57, 0.57, 3.4, 3.4, 6.8, 6.8]","[2.3, -2.3, 5.4, -5.4, 2.3, -2.3]",400,120,7838259.896740742,3391848.9034140576,12288825.70786041,982231204.475569,3284463.8482862245,154198511.42871794,2353441.3956261408,13321724.73498452,6794079.614842106
J1,3374.2084107969195,2899.2084107969195,154.83079025596942,280.81667234887664,141.16339421308183,146.81191218230998,337.40848524975706,63.43985600866843,1444.6390968914563,330.0982036468001,9.05,1.69,0.9,83.33,104.17,45,2,30.5,5,0.346,1.5441687841286067,2.6191478223104445,0.13820127088542133,1.5,0.07,0.017,4.97,0.8,8.4,6,17.7850174836277,3.25,2.0786887478654323,0.831475499146173,0.14877,0.05276573918745412,0.1,-0.255,12.222689837448739,0.4,1.2,45,1185759770.7285075,0.06822382182812936,444078.992060679,166073.25300789363,213408.96582734876,0.06822382182812936,1.2333333333333332,0.042720341014790664,0.07608290452035935,1.2237037037037035,1860.46875,220.449,13.26,0,0,0.045,4.031659180251925,6.047488770377887,55.78,2.103,3.25,3.942,9.295,1.7,0.1745,0,"[0.57, 0.57, 3.4, 3.4, 6.8, 6.8]","[2.3, -2.3, 5.4, -5.4, 2.3, -2.3]",400,120,7838639.418768134,3392013.1339179436,12289420.722584128,982278763.2938524,3284622.8792950236,154205977.59243912,2353555.3473018417,13322369.76182037,6794408.578528389
J1,3374.3018589838603,2899.3018589838603,154.8350822316631,280.81815310845417,141.16833643187678,146.81668077240846,337.420840796734,63.44217911005856,1444.6919980691287,330.1085884635363,9.05,1.69,0.9,83.33,104.17,45,2,30.5,5,0.346,1.5441970567953094,2.6191957771028123,0.1382038012554882,1.5,0.07,0.017,4.97,0.8,8.4,6,17.78566875242683,3.25,2.078726807224455,0.831490722889782,0.14877,0.05276573918745412,0.1,-0.255,12.22291362647979,0.4,1.2,45,1185803192.0151408,0.06822382182812936,444095.2537704099,166079.33443728517,213416.78064119563,0.06822382182812936,1.2333333333333332,0.04271955884909646,0.07608290452035935,1.2237037037037035,1860.46875,220.449,13.26,0,0,0.045,4.031659180251925,6.047488770377887,55.78,2.103,3.25,3.942,9.295,1.7,0.1745,0,"[0.57, 0.57, 3.4, 3.4, 6.8, 6.8]","[2.3, -2.3, 5.4, -5.4, 2.3, -2.3]",400,120,7838926.4615717605,3392137.3459026874,12289870.748359103,982314733.3181254,3284743.1587605975,154211624.4545767,2353641.532045047,13322857.613112297,6794657.382687272
J1,3374.372536161479,2899.372536161479,154.83832833815583,280.8192730142677,141.1720743593544,146.8202873669219,337.43018561542027,63.443936131526016,1444.7320085935166,330.1164427423158,9.05,1.69,0.9,83.33,104.17,45,2,30.5,5,0.346,1.544218439798161,2.619232045965343,0.13820571500882908,1.5,0.07,0.017,4.97,0.8,8.4,6,17.786161323808354,3.25,2.078755592035986,0.8315022368143945,0.14877,0.0527657391874541,0.1,-0.255,12.2230828811716,0.4,1.2,45,1185836032.6535583,0.06822382182812936,444107.5529206821,166083.9339791042,213422.6911863623,0.06822382182812936,1.2333333333333332,0.04271896730555238,0.07608290452035935,1.2237037037037035,1860.46875,220.449,13.26,0,0,0.045,4.031659180251925,6.047488770377887,55.78,2.103,3.25,3.942,9.295,1.7,0.1745,0,"[0.57, 0.57, 3.4, 3.4, 6.8, 6.8]","[2.3, -2.3, 5.4, -5.4, 2.3, -2.3]",400,120,7839143.5594436815,3392231.29062875,12290211.11445371,982341938.3747368,3284834.1292210384,154215895.3219791,2353706.7157880473,13323226.587620463,6794845.559686437
J1,3374.425991006512,2899.425991006512,154.8407834343629,280.8201200091312,141.17490144645913,146.82301511615765,337.43725333317616,63.44526501036678,1444.7622695437956,330.12238311306277,9.05,1.69,0.9,83.33,104.17,45,2,30.5,5,0.346,1.5442346120960182,2.6192594766705546,0.13820716241026598,1.5,0.07,0.017,4.97,0.8,8.4,6,17.78653386774057,3.25,2.0787773624369477,0.8315109449747791,0.14877,0.05276573918745409,0.1,-0.255,12.223210891129254,0.4,1.2,45,1185860870.8415473,0.06822382182812936,444116.8550725675,166087.4127264694,213427.16147802057,0.06822382182812936,1.2333333333333332,0.042718519922843805,0.07608290452035935,1.2237037037037035,1860.46875,220.449,13.26,0,0,0.045,4.031659180251925,6.047488770377887,55.78,2.103,3.25,3.942,9.295,1.7,0.1745,0,"[0.57, 0.57, 3.4, 3.4, 6.8, 6.8]","[2.3, -2.3, 5.4, -5.4, 2.3, -2.3]",400,120,7839307.755939691,3392302.3433512,12290468.541758735,982362514.2326659,3284902.9324327526,154219125.48474482,2353756.015866868,13323505.652177025,6794987.882610283
J1,3374.4664201571127,2899.4664201571127,154.8426402742246,280.8207606015805,141.17703964026046,146.82507817405744,337.44259881767505,63.446270073314906,1444.785156626476,330.12687594952376,9.05,1.69,0.9,83.33,104.17,45,2,30.5,5,0.346,1.544246843480385,2.6192802229801924,0.13820825710462942,1.5,0.07,0.017,4.97,0.8,8.4,6,17.786815631654125,3.25,2.078793827762057,0.8315175311048227,0.14877,0.05276573918745409,0.1,-0.255,12.223307707240895,0.4,1.2,45,1185879656.5590115,0.06822382182812936,444123.89051320433,166090.0437865596,213430.54246684755,0.06822382182812936,1.2333333333333332,0.0427181815659037,0.07608290452035935,1.2237037037037035,1860.46875,220.449,13.26,0,0,0.045,4.031659180251925,6.047488770377887,55.78,2.103,3.25,3.942,9.295,1.7,0.1745,0,"[0.57, 0.57, 3.4, 3.4, 6.8, 6.8]","[2.3, -2.3, 5.4, -5.4, 2.3, -2.3]",400,120,7839431.941688825,3392356.0822297996,12290663.24020541,982378076.2476487,3284954.969952418,154221568.5343387,2353793.302699228,13323716.71539613,6795095.524852026
J1,3374.4969976522984,2899.4969976522984,154.8440446409307,280.8212450908759,141.1786568062845,146.82663851058757,337.44664173273173,63.44703022594966,1444.802466662861,330.13027398207737,9.05,1.69,0.9,83.33,104.17,45,2,30.5,5,0.346,1.5442560942983565,2.6192959137906735,0.13820908504184298,1.5,0.07,0.017,4.97,0.8,8.4,6,17.78702873629764,3.25,2.078806280786249,0.8315225123144997,0.14877,0.05276573918745412,0.1,-0.255,12.223380931023142,0.4,1.2,45,1185893864.636876,0.06822382182812936,444129.2115816476,166092.03371889517,213433.09958784148,0.06822382182812936,1.2333333333333332,0.04271792566396931,0.07608290452035935,1.2237037037037035,1860.46875,220.449,13.26,0,0,0.045,4.031659180251925,6.047488770377887,55.78,2.103,3.25,3.942,9.295,1.7,0.1745,0,"[0.57, 0.57, 3.4, 3.4, 6.8, 6.8]","[2.3, -2.3, 5.4, -5.4, 2.3, -2.3]",400,120,7839525.866277908,3392396.7262016353,12290810.495198242,982389846.1638646,3284994.327146664,154223416.26993483,2353821.503603373,13323876.34744943,6795176.937199209
J1,3374.520124104035,2899.520124104035,154.8451067930107,280.82161151795793,141.17987990609194,146.8278186275405,337.4496994822477,63.44760514684668,1444.8155586409598,330.13284398937986,9.05,1.69,0.9,83.33,104.17,45,2,30.5,5,0.346,1.5442630908676565,2.6193077810486023,0.13820971122647968,1.5,0.07,0.017,4.97,0.8,8.4,6,17.78718991223417,3.25,2.078815699244922,0.8315262796979689,0.14877,0.0527657391874541,0.1,-0.255,12.223436311560143,0.4,1.2,45,1185904610.5324996,0.06822382182812936,444133.2360279268,166093.53875042583,213435.0335971818,0.06822382182812936,1.2333333333333332,0.04271773212251316,0.07608290452035935,1.2237037037037035,1860.46875,220.449,13.26,0,0,0.045,4.031659180251925,6.047488770377887,55.78,2.103,3.25,3.942,9.295,1.7,0.1745,0,"[0.57, 0.57, 3.4, 3.4, 6.8, 6.8]","[2.3, -2.3, 5.4, -5.4, 2.3, -2.3]",400,120,7839596.903601912,3392427.466171054,12290921.867531512,982398748.0218332,3285024.0938966377,154224813.75480545,2353842.832594903,13323997.080837803,6795238.51122728
J1,3374.5376151571304,2899.5376151571304,154.84591012111756,280.82188865316635,141.18080496416138,146.82871117590153,337.4520121274194,63.44803997253456,1444.8254604003357,330.13478774249404,9.05,1.69,0.9,83.33,104.17,45,2,30.5,5,0.346,1.5442683825103334,2.619316756488681,0.13821018482221,1.5,0.07,0.017,4.97,0.8,8.4,6,17.787311813243214,3.25,2.0788228226100642,0.8315291290440258,0.14877,0.052765739187454114,0.1,-0.255,12.223478196947177,0.4,1.2,45,1185912737.8965955,0.06822382182812936,444136.2798077419,166094.67703983912,213436.49633222254,0.06822382182812936,1.2333333333333332,0.042717585744476205,0.07608290452035935,1.2237037037037035,1860.46875,220.449,13.26,0,0,0.045,4.031659180251925,6.047488770377887,55.78,2.103,3.25,3.942,9.295,1.7,0.1745,0,"[0.57, 0.57, 3.4, 3.4, 6.8, 6.8]","[2.3, -2.3, 5.4, -5.4, 2.3, -2.3]",400,120,7839650.630738001,3392450.7155057318,12291006.100948095,982405480.6985099,3285046.6071634195,154225870.70424542,2353858.9641939835,13324088.394232258,6795285.081058452
J1,3374.550844028762,2899.550844028762,154.8465176952574,280.8220982556479,141.18150460628522,146.82938622974618,337.4537612327275,63.44836884093515,1444.8329493225856,330.13625784557746,9.05,1.69,0.9,83.33,104.17,45,2,30.5,5,0.346,1.544272384686091,2.619323544794486,0.1382105430121836,1.5,0.07,0.017,4.97,0.8,8.4,6,17.787404009704904,3.25,2.0788282101543536,0.8315312840617415,0.14877,0.0527657391874541,0.1,-0.255,12.223509875707599,0.4,1.2,45,1185918884.8039782,0.06822382182812936,444138.58188654605,166095.53795360113,213437.60263147473,0.06822382182812936,1.2333333333333332,0.04271747503648985,0.07608290452035935,1.2237037037037035,1860.46875,220.449,13.26,0,0,0.045,4.031659180251925,6.047488770377887,55.78,2.103,3.25,3.942,9.295,1.7,0.1745,0,"[0.57, 0.57, 3.4, 3.4, 6.8, 6.8]","[2.3, -2.3, 5.4, -5.4, 2.3, -2.3]",400,120,7839691.2657736195,3392468.299497946,12291069.808566485,982410572.7725803,3285063.634451008,154226670.09876493,2353871.164883447,13324157.456596382,6795320.302864155
J1,3374.560849316058,2899.560849316058,154.84697721655488,280.82225678203883,141.18203376115048,146.82989678768757,337.4550841198896,63.44861757140501,1444.8386133606837,330.1373697166478,9.05,1.69,0.9,83.33,104.17,45,2,30.5,5,0.346,1.5442754116135475,2.619328678929133,0.13821081391859333,1.5,0.07,0.017,4.97,0.8,8.4,6,17.78747373993498,3.25,2.078832284864391,0.8315329139457565,0.14877,0.0527657391874541,0.1,-0.255,12.22353383500262,0.4,1.2,45,1185923533.8464491,0.06822382182812936,444140.3229998351,166096.1890817854,213438.43935015108,0.06822382182812936,1.2333333333333332,0.04271739130615451,0.07608290452035935,1.2237037037037035,1860.46875,220.449,13.26,0,0,0.045,4.031659180251925,6.047488770377887,55.78,2.103,3.25,3.942,9.295,1.7,0.1745,0,"[0.57, 0.57, 3.4, 3.4, 6.8, 6.8]","[2.3, -2.3, 5.4, -5.4, 2.3, -2.3]",400,120,7839721.998952862,3392481.598661496,12291117.99205212,982414424.0212073,3285076.5125664924,154227274.6985808,2353880.392535655,13324209.689995052,6795346.941897477
J1,3374.568416534354,2899.568416534354,154.84732476235328,280.82237667869015,141.18243397264231,146.83028293376566,337.45608464861834,63.4488056917436,1444.842897197583,330.13821064895774,9.05,1.69,0.9,83.33,104.17,45,2,30.5,5,0.346,1.5442777009415825,2.619332561981684,0.13821101881073153,1.5,0.07,0.017,4.97,0.8,8.4,6,17.787526478445454,3.25,2.07883536665213,0.8315341466608521,0.14877,0.052765739187454114,0.1,-0.255,12.223551955914525,0.4,1.2,45,1185927050.019776,0.06822382182812936,444141.6398422052,166096.68154438777,213439.07217893464,0.06822382182812936,1.2333333333333332,0.042717327979382755,0.07608290452035935,1.2237037037037035,1860.46875,220.449,13.26,0,0,0.045,4.031659180251925,6.047488770377887,55.78,2.103,3.25,3.942,9.295,1.7,0.1745,0,"[0.57, 0.57, 3.4, 3.4, 6.8, 6.8]","[2.3, -2.3, 5.4, -5.4, 2.3, -2.3]",400,120,7839745.243133954,3392491.6571121197,12291154.434284694,982417336.8054593,3285086.252569184,154227731.9707523,2353887.3716124794,13324249.195266157,6795367.08958574
J1,3374.5741397869506,2899.5741397869506,154.84758761869944,280.82246735895603,141.18273666137415,146.8305749844306,337.4568413704473,63.448947971283,1444.8461371574156,330.1388466643443,9.05,1.69,0.9,83.33,104.17,45,2,30.5,5,0.346,1.5442794324083486,2.6193354988156994,0.13821117377494918,1.5,0.07,0.017,4.97,0.8,8.4,6,17.787566365738,3.25,2.078837697472777,0.8315350789891108,0.14877,0.0527657391874541,0.1,-0.255,12.22356566113993,0.4,1.2,45,1185929709.3788068,0.06822382182812936,444142.635798981,166097.0540046585,213439.5508012278,0.06822382182812936,1.2333333333333332,0.04271728008414296,0.07608290452035935,1.2237037037037035,1860.46875,220.449,13.26,0,0,0.045,4.031659180251925,6.047488770377887,55.78,2.103,3.25,3.942,9.295,1.7,0.1745,0,"[0.57, 0.57, 3.4, 3.4, 6.8, 6.8]","[2.3, -2.3, 5.4, -5.4, 2.3, -2.3]",400,120,7839762.823218085,3392499.264539006,12291181.99634473,982419539.808095,3285093.619146912,154228077.81572807,2353892.6500414014,13324279.07396943,6795382.327724409
J1,3374.5784684076284,2899.5784684076284,154.84778642260423,280.8225359423075,141.18296559147802,146.8307958686827,337.45741369570646,63.449055580408476,1444.848587609855,330.13932769658595,9.05,1.69,0.9,83.33,104.17,45,2,30.5,5,0.346,1.5442807419532194,2.6193377200052685,0.13821129097765866,1.5,0.07,0.017,4.97,0.8,8.4,6,17.787596533369182,3.25,2.0788394603216416,0.8315357841286567,0.14877,0.0527657391874541,0.1,-0.255,12.223576026691253,0.4,1.2,45,1185931720.7101688,0.06822382182812936,444143.38906285935,166097.3357045022,213439.91279372948,0.06822382182812936,1.2333333333333332,0.04271724386003325,0.07608290452035935,1.2237037037037035,1860.46875,220.449,13.26,0,0,0.045,4.031659180251925,6.047488770377887,55.78,2.103,3.25,3.942,9.295,1.7,0.1745,0,"[0.57, 0.57, 3.4, 3.4, 6.8, 6.8]","[2.3, -2.3, 5.4, -5.4, 2.3, -2.3]",400,120,7839776.11941997,3392505.018202239,12291202.842133164,982421205.98714,3285099.1906506615,154228339.38584247,2353896.642232567,13324301.671885781,6795393.852661748
J1,3374.5817422375853,2899.5817422375853,154.84793678227592,280.8225878133249,141.18313873630512,146.83096292822873,337.4578465577739,63.449136967535466,1444.8504409404422,330.1396915116991,9.05,1.69,0.9,83.33,104.17,45,2,30.5,5,0.346,1.5442817323898101,2.6193393999381005,0.13821137962055638,1.5,0.07,0.017,4.97,0.8,8.4,6,17.787619349806153,3.25,2.0788407936016675,0.831536317440667,0.14877,0.05276573918745412,0.1,-0.255,12.223583866377801,0.4,1.2,45,1185933241.923915,0.06822382182812936,444143.95877274824,166097.54876023377,213440.18657654824,0.06822382182812936,1.2333333333333332,0.04271721646301075,0.07608290452035935,1.2237037037037035,1860.46875,220.449,13.26,0,0,0.045,4.031659180251925,6.047488770377887,55.78,2.103,3.25,3.942,9.295,1.7,0.1745,0,"[0.57, 0.57, 3.4, 3.4, 6.8, 6.8]","[2.3, -2.3, 5.4, -5.4, 2.3, -2.3]",400,120,7839786.175627244,3392509.369823144,12291218.6082573,982422466.1546665,3285103.404500379,154228537.217021,2353899.661613757,13324318.763182446,6795402.569223048
J1,3374.584218306264,2899.584218306264,154.84805050253456,280.8226270444656,141.1832696895034,146.83108927898047,337.4581739407693,63.44919852238959,1444.8518426546714,330.13996667294964,9.05,1.69,0.9,83.33,104.17,45,2,30.5,5,0.346,1.5442824814781213,2.6193406705071207,0.13821144666306992,1.5,0.07,0.017,4.97,0.8,8.4,6,17.787636606373646,3.25,2.0788418019897787,0.8315367207959116,0.14877,0.05276573918745412,0.1,-0.255,12.223589795699896,0.4,1.2,45,1185934392.4509542,0.06822382182812936,444144.3896567271,166097.709898917,213440.39364444825,0.06822382182812936,1.2333333333333332,0.04271719574208183,0.07608290452035935,1.2237037037037035,1860.46875,220.449,13.26,0,0,0.045,4.031659180251925,6.047488770377887,55.78,2.103,3.25,3.942,9.295,1.7,0.1745,0,"[0.57, 0.57, 3.4, 3.4, 6.8, 6.8]","[2.3, -2.3, 5.4, -5.4, 2.3, -2.3]",400,120,7839793.78135551,3392512.661048673,12291230.532519858,982423419.2467729,3285106.591526563,154228686.84104368,2353901.945237415,13324331.689701812,6795409.161747925
J1,3374.5860910107003,2899.5860910107003,154.84813651161747,280.82265671580745,141.18336873225056,146.83118484078815,337.458421547637,63.449245077662226,1444.8529028015776,330.1401747833597,9.05,1.69,0.9,83.33,104.17,45,2,30.5,5,0.346,1.5442830480296337,2.6193416314656477,0.13821149736875693,1.5,0.07,0.017,4.97,0.8,8.4,6,17.787649657890313,3.25,2.078842564655276,0.8315370258621105,0.14877,0.052765739187454114,0.1,-0.255,12.223594280173023,0.4,1.2,45,1185935262.6195347,0.06822382182812936,444144.7155436356,166097.8317716018,213440.5502543969,0.06822382182812936,1.2333333333333332,0.04271718007041341,0.07608290452035935,1.2237037037037035,1860.46875,220.449,13.26,0,0,0.045,4.031659180251925,6.047488770377887,55.78,2.103,3.25,3.942,9.295,1.7,0.1745,0,"[0.57, 0.57, 3.4, 3.4, 6.8, 6.8]","[2.3, -2.3, 5.4, -5.4, 2.3, -2.3]",400,120,7839799.533732932,3392515.150274,12291239.551098533,982424140.0910264,3285109.0019436623,154228800.0049407,2353903.6723915697,13324341.466309069,6795414.147817625
J1,3374.587507377637,2899.587507377637,154.8482015621418,280.8226791568744,141.183443640428,146.83125711625038,337.45860881808045,63.449280288424525,1444.8537046136719,330.1403321817654,9.05,1.69,0.9,83.33,104.17,45,2,30.5,5,0.346,1.5442834765246902,2.619342358259187,0.13821153571855518,1.5,0.07,0.017,4.97,0.8,8.4,6,17.7876595290354,3.25,2.0788431414755446,0.8315372565902179,0.14877,0.05276573918745409,0.1,-0.255,12.223597671876204,0.4,1.2,45,1185935920.7469018,0.06822382182812936,444144.9620189717,166097.92394655617,213440.66870189723,0.06822382182812936,1.2333333333333332,0.0427171682176022,0.07608290452035935,1.2237037037037035,1860.46875,220.449,13.26,0,0,0.045,4.031659180251925,6.047488770377887,55.78,2.103,3.25,3.942,9.295,1.7,0.1745,0,"[0.57, 0.57, 3.4, 3.4, 6.8, 6.8]","[2.3, -2.3, 5.4, -5.4, 2.3, -2.3]",400,120,7839803.884380722,3392517.0329290954,12291246.372045156,982424685.2811673,3285110.824994386,154228885.59325004,2353904.978675712,13324348.860569151,6795417.918890267
J1,3374.5885786066146,2899.5885786066146,154.84825076125682,280.82269612953246,141.18350029510546,146.8313117797452,337.45875045477396,63.44930691908687,1444.85431104153,330.1404512255837,9.05,1.69,0.9,83.33,104.17,45,2,30.5,5,0.346,1.5442838006047064,2.6193429079487522,0.13821156472333146,1.5,0.07,0.017,4.97,0.8,8.4,6,17.787666994796286,3.25,2.078843577737105,0.831537431094842,0.14877,0.0527657391874541,0.1,-0.255,12.223600237094177,0.4,1.2,45,1185936418.502888,0.06822382182812936,444145.1484336081,166097.99366047114,213440.7582863079,0.06822382182812936,1.2333333333333332,0.04271715925307084,0.07608290452035935,1.2237037037037035,1860.46875,220.449,13.26,0,0,0.045,4.031659180251925,6.047488770377887,55.78,2.103,3.25,3.942,9.295,1.7,0.1745,0,"[0.57, 0.57, 3.4, 3.4, 6.8, 6.8]","[2.3, -2.3, 5.4, -5.4, 2.3, -2.3]",400,120,7839807.1748699,3392518.4568219306,12291251.530874865,982425097.6202824,3285112.2038071444,154228950.32554263,2353905.9666467085,13324354.453008244,6795420.771034204
J1,3374.5893888002693,2899.5893888002693,154.84828797160935,280.822708966317,141.18354314426458,146.83135312292814,337.4588575776716,63.44932706043335,1444.854769696048,330.1405412609973,9.05,1.69,0.9,83.33,104.17,45,2,30.5,5,0.346,1.5442840457133935,2.619343323690795,0.13821158666026764,1.5,0.07,0.017,4.97,0.8,8.4,6,17.787672641312874,3.25,2.0788439076911067,0.8315375630764428,0.14877,0.0527657391874541,0.1,-0.255,12.223602177223707,0.4,1.2,45,1185936794.9665163,0.06822382182812936,444145.2894230334,166098.0463866143,213440.8260409371,0.06822382182812936,1.2333333333333332,0.042717152473005456,0.07608290452035935,1.2237037037037035,1860.46875,220.449,13.26,0,0,0.045,4.031659180251925,6.047488770377887,55.78,2.103,3.25,3.942,9.295,1.7,0.1745,0,"[0.57, 0.57, 3.4, 3.4, 6.8, 6.8]","[2.3, -2.3, 5.4, -5.4, 2.3, -2.3]",400,120,7839809.663538101,3392519.5337429084,12291255.432609458,982425409.4812819,3285113.2466330826,154228999.28397697,2353906.7138705626,13324358.682691002,6795422.928172411
J1,3374.590001567255,2899.590001567255,154.84831611460217,280.8227186750528,141.18357555201075,146.83138439167095,337.45893859703705,63.449342293769504,1444.8551165863846,330.1406093567268,9.05,1.69,0.9,83.33,104.17,45,2,30.5,5,0.346,1.5442842310943707,2.619343638125453,0.1382116032516448,1.5,0.07,0.017,4.97,0.8,8.4,6,17.78767691189554,3.25,2.0788441572424223,0.831537662896969,0.14877,0.05276573918745409,0.1,-0.255,12.223603644585445,0.4,1.2,45,1185937079.6941044,0.06822382182812936,444145.3960563865,166098.0862645372,213440.87728522922,0.06822382182812936,1.2333333333333332,0.04271714734509745,0.07608290452035935,1.2237037037037035,1860.46875,220.449,13.26,0,0,0.045,4.031659180251925,6.047488770377887,55.78,2.103,3.25,3.942,9.295,1.7,0.1745,0,"[0.57, 0.57, 3.4, 3.4, 6.8, 6.8]","[2.3, -2.3, 5.4, -5.4, 2.3, -2.3]",400,120,7839811.5457717115,3392520.3482415457,12291258.383575754,982425645.3485037,3285114.035344906,154229036.31230018,2353907.2790121315,13324361.881691596,6795424.559662715
J1,3374.590465016174,2899.590465016174,154.84833739975534,280.8227260179782,141.1836000626902,146.8314080408969,337.45899987373554,63.449353815071134,1444.8553789470484,330.1406608589989,9.05,1.69,0.9,83.33,104.17,45,2,30.5,5,0.346,1.5442843713019994,2.619343875939161,0.1382116158000609,1.5,0.07,0.017,4.97,0.8,8.4,6,17.78768014182959,3.25,2.0788443459834607,0.8315377383933843,0.14877,0.0527657391874541,0.1,-0.255,12.22360475438275,0.4,1.2,45,1185937295.0397375,0.06822382182812936,444145.47670549795,166098.1164250729,213440.91604239575,0.06822382182812936,1.2333333333333332,0.042717143466750915,0.07608290452035935,1.2237037037037035,1860.46875,220.449,13.26,0,0,0.045,4.031659180251925,6.047488770377887,55.78,2.103,3.25,3.942,9.295,1.7,0.1745,0,"[0.57, 0.57, 3.4, 3.4, 6.8, 6.8]","[2.3, -2.3, 5.4, -5.4, 2.3, -2.3]",400,120,7839812.969345703,3392520.964264483,12291260.615455395,982425823.7399853,3285114.631864718,154229064.31762195,2353907.706440924,13324364.301164938,6795425.793594119
J1,3374.590815532611,2899.590815532611,154.8483534981762,280.82273157159074,141.18361860064695,146.83142592731747,337.45904621862746,63.449362528880634,1444.8555773760913,330.1406998112801,9.05,1.69,0.9,83.33,104.17,45,2,30.5,5,0.346,1.5442844773440518,2.619344055802795,0.13821162529069855,1.5,0.07,0.017,4.97,0.8,8.4,6,17.78768258469854,3.25,2.0788444887323774,0.831537795492951,0.14877,0.052765739187454114,0.1,-0.255,12.223605593746377,0.4,1.2,45,1185937457.9102957,0.06822382182812936,444145.53770216444,166098.13923613806,213440.94535527873,0.06822382182812936,1.2333333333333332,0.04271714053347429,0.07608290452035935,1.2237037037037035,1860.46875,220.449,13.26,0,0,0.045,4.031659180251925,6.047488770377887,55.78,2.103,3.25,3.942,9.295,1.7,0.1745,0,"[0.57, 0.57, 3.4, 3.4, 6.8, 6.8]","[2.3, -2.3, 5.4, -5.4, 2.3, -2.3]",400,120,7839814.046025491,3392521.430175949,12291262.303474216,982425958.6613197,3285115.083025547,154229085.49865228,2353908.0297145606,13324366.131064933,6795426.726843116
J1,3374.591080635768,2899.591080635768,154.8483656737596,280.82273577190745,141.18363262130444,146.83143945520382,337.4590812702711,63.449369119323144,1444.8557274522661,330.14072927173214,9.05,1.69,0.9,83.33,104.17,45,2,30.5,5,0.346,1.544284557545943,2.6193441918375426,0.1382116324686725,1.5,0.07,0.017,4.97,0.8,8.4,6,17.787684432293137,3.25,2.0788445966964617,0.8315378386785848,0.14877,0.05276573918745409,0.1,-0.255,12.223606228575198,0.4,1.2,45,1185937581.09282,0.06822382182812936,444145.583835262,166098.15648863983,213440.96752524585,0.06822382182812936,1.2333333333333332,0.04271713831497417,0.07608290452035935,1.2237037037037035,1860.46875,220.449,13.26,0,0,0.045,4.031659180251925,6.047488770377887,55.78,2.103,3.25,3.942,9.295,1.7,0.1745,0,"[0.57, 0.57, 3.4, 3.4, 6.8, 6.8]","[2.3, -2.3, 5.4, -5.4, 2.3, -2.3]",400,120,7839814.860341693,3392521.7825548635,12291263.580159348,982426060.7052419,3285115.424248236,154229101.5183234,2353908.2742134007,13324367.51505786,6795427.432679509
J1,3374.591281139015,2899.591281139015,154.84837488241627,280.82273894869763,141.1836432254307,146.83144968663657,337.4591077805868,63.44937410381726,1444.855840958121,330.14075155330846,9.05,1.69,0.9,83.33,104.17,45,2,30.5,5,0.346,1.5442846182043648,2.6193442947235575,0.13821163789752916,1.5,0.07,0.017,4.97,0.8,8.4,6,17.787685829668867,3.25,2.07884467835203,0.8315378713408119,0.14877,0.052765739187454114,0.1,-0.255,12.223606708709934,0.4,1.2,45,1185937674.2584257,0.06822382182812936,444145.61872672086,166098.1695370798,213440.98429287114,0.06822382182812936,1.2333333333333332,0.042717136637074805,0.07608290452035935,1.2237037037037035,1860.46875,220.449,13.26,0,0,0.045,4.031659180251925,6.047488770377887,55.78,2.103,3.25,3.942,9.295,1.7,0.1745,0,"[0.57, 0.57, 3.4, 3.4, 6.8, 6.8]","[2.3, -2.3, 5.4, -5.4, 2.3, -2.3]",400,120,7839815.476226634,3392522.049066652,12291264.545743907,982426137.8832656,3285115.6823223312,154229113.63434693,2353908.4591331584,13324368.561801625,6795427.96651883
