name,mtom,oem,wing1_weight,wing2_weight,fuselage_weight,lg_weight,nacelle_weight,powertrain_weight,h2_weight,misc_weight,l_fuse,w_fuse,eff,diskloading,v_cruise,v_max,v_stall,loadfactor,h_hover,roc,cL_cruise,mac1,y_mac1,x_lemac1,mac2,y_mac2,x_lemac2,cLmax,cd,cd0,clalpha,e,b1,b2,A1,A2,S1,S2,S,S1/S,S2/S,c_root1,c_root2,c_tip1,c_tip2,sweep_le1,sweep1_1/4,sweep2_1/4,sweep_le2,sweep_m,taper1,taper2,StotS,mission_energy,WP_hover,power_hover,power_climb,power_cruise,WP_cruise,TW,WS,ld_climb,ld_cr,ducted_bool,tandem_bool,G,n_max,n_ult,A_tot,l_cockpit,l_cabin,l_tail,l_fuselage,d_fuselage,upsweep,h_wings,x_rotor_loc,y_rotor_loc,takeoff_energy,trans2hor_energy,climb_energy,cruise_energy,descend_energy,hor_loiter_energy,trans2ver_energy,ver_loiter_energy,land_energy
L1,4800.615481050222,4325.615481050222,59.74737219790734,222.10893754184997,293.88995086650806,167.05797664095036,402.144941265141,276.09476152305064,2520.5433083683515,384.02823264646287,10,1.7,0.6,1200,83.33,104.17,45,2,30.5,5,0.416,1.0844248988594076,1.270028391164191,0.09606108235399435,1.2866640696878504,2.676013829552713,0.1160164590654791,1.5,0.07,0.017,5.17,0.75,5.926799158766224,12.488064537912658,5.8,10.3,6.056370391095175,15.140947175055501,21.197317566150677,0.285714,0.714286,1.459802748464587,1.7320477861182604,0.5839210993858348,0.6928191144473042,0.07563695663995235,0.1,0.1,0.043354207584521666,-0.209,0.4,0.4,1.2,2068861947.508743,0.007141328857834198,1932663.3306613546,272255.2997257915,358945.8735742901,0.050870607832346856,1.2237037037037035,1860.46875,251.9211,13.59,1,1,0.045,4.199523015039315,6.299284522558972,2.09,2.103,3.25,3.942,9.295,1.7,0.1745,0,"[0.9, 0.9, 0.9, 0.9, 0.9, 0.9, 0.9, 0.9, 0.9, 0.9, 0.9, 0.9, 6.9, 6.9, 6.9, 6.9, 6.9, 6.9, 6.9, 6.9, 6.9, 6.9, 6.9, 6.9, 6.9, 6.9, 6.9, 6.9, 6.9, 6.9, 6.9, 6.9, 6.9, 6.9, 6.9, 6.9]","[1.91, 1.64, 1.37, 1.1, 0.82, 0.55, -1.91, -1.64, -1.37, -1.1, -0.82, -0.55, 4.16, 3.89, 3.62, 3.35, 3.07, 2.8, 2.53, 2.26, 1.99, 1.71, 1.44, 1.17, -4.16, -3.89, -3.62, -3.35, -3.07, -2.8, -2.53, -2.26, -1.99, -1.71, -1.44, -1.17]",34114315.78114323,12509745.70815289,20146892.17970857,1652156025.4841025,3898619.6952077993,248665330.978356,9821368.803112494,57979899.919840634,29569748.959118728
L1,5577.353944651241,5102.353944651241,68.31922676859455,253.97453164952307,315.3795580957202,198.22461924200888,480.06154770244706,329.588824646948,3008.904992960171,447.9006435858292,10,1.7,0.6,1200,83.33,104.17,45,2,30.5,5,0.416,1.1848316208022183,1.387620109747213,0.1049553620736759,1.40579608299263,2.9237855072240952,0.12675840381280942,1.5,0.07,0.017,5.17,0.75,6.475560512153661,13.644332367045775,5.8,10.3,7.229807576993756,18.07454424683621,25.30435182382997,0.285714,0.714286,1.5949656433876016,1.8924178040285404,0.6379862573550407,0.7569671216114162,0.07563695663995237,0.1,0.1,0.04335420758452167,-0.209,0.4,0.4,1.2,2469709218.2217083,0.006536147996400708,2307121.7725286363,325005.4573492318,428492.550639521,0.05087061134256699,1.2237037037037035,1860.46875,251.9211,13.59,1,1,0.045,4.199523015039315,6.299284522558972,2.09,2.103,3.25,3.942,9.295,1.7,0.1745,0,"[0.9, 0.9, 0.9, 0.9, 0.9, 0.9, 0.9, 0.9, 0.9, 0.9, 0.9, 0.9, 6.9, 6.9, 6.9, 6.9, 6.9, 6.9, 6.9, 6.9, 6.9, 6.9, 6.9, 6.9, 6.9, 6.9, 6.9, 6.9, 6.9, 6.9, 6.9, 6.9, 6.9, 6.9, 6.9, 6.9]","[1.91, 1.64, 1.37, 1.1, 0.82, 0.55, -1.91, -1.64, -1.37, -1.1, -0.82, -0.55, 4.16, 3.89, 3.62, 3.35, 3.07, 2.8, 2.53, 2.26, 1.99, 1.71, 1.44, 1.17, -4.16, -3.89, -3.62, -3.35, -3.07, -2.8, -2.53, -2.26, -1.99, -1.71, -1.44, -1.17]",40724051.33627685,14933540.795333365,24050403.843843155,1972265462.6578867,4653987.189038731,296844872.0848266,11724284.018955562,69213653.1758591,35298963.11968814
L1,6347.872540590534,5872.872540590534,76.5327510917805,284.50804456878876,335.41654015271416,229.29415778604965,557.7353939974125,382.91621949597896,3495.7451180605526,510.72431543725725,10,1.7,0.6,1200,83.33,104.17,45,2,30.5,5,0.416,1.2770922768792805,1.495671531960542,0.11312804281051062,1.5152628347658885,3.1514552996140557,0.13662884725280866,1.5,0.07,0.017,5.17,0.75,6.979800482482529,14.706791398198925,5.8,10.3,8.399588754355747,20.999001284479405,29.398590038835152,0.285714,0.714286,1.719162680414416,2.0397768929540807,0.6876650721657664,0.8159107571816323,0.07563695663995235,0.1,0.1,0.04335420758452166,-0.209,0.4,0.4,1.2,2869307592.9041014,0.006063958701013003,2680413.5364718526,377591.2644399847,497822.54525417223,0.05087061134256699,1.2237037037037035,1860.46875,251.9211,13.59,1,1,0.045,4.199523015039315,6.299284522558972,2.09,2.103,3.25,3.942,9.295,1.7,0.1745,0,"[0.9, 0.9, 0.9, 0.9, 0.9, 0.9, 0.9, 0.9, 0.9, 0.9, 0.9, 0.9, 6.9, 6.9, 6.9, 6.9, 6.9, 6.9, 6.9, 6.9, 6.9, 6.9, 6.9, 6.9, 6.9, 6.9, 6.9, 6.9, 6.9, 6.9, 6.9, 6.9, 6.9, 6.9, 6.9, 6.9]","[1.91, 1.64, 1.37, 1.1, 0.82, 0.55, -1.91, -1.64, -1.37, -1.1, -0.82, -0.55, 4.16, 3.89, 3.62, 3.35, 3.07, 2.8, 2.53, 2.26, 1.99, 1.71, 1.44, 1.17, -4.16, -3.89, -3.62, -3.35, -3.07, -2.8, -2.53, -2.26, -1.99, -1.71, -1.44, -1.17]",47313193.33096722,17349784.208136924,27941753.568558868,2291377553.8731365,5407001.2292388305,344874303.0569917,13621270.434895974,80412406.09415558,41010327.108019345
L1,7109.2039451248265,6634.2039451248265,84.40938164934039,313.78916573265093,354.20633085694226,260.1149016236214,634.7872535267268,435.816586002461,3978.686786611604,572.3935391214798,10,1.7,0.6,1200,83.33,104.17,45,2,30.5,5,0.416,1.362455336925889,1.5956448080535894,0.12068971715951443,1.616545627475739,3.362104030990408,0.1457613560803152,1.5,0.07,0.017,5.17,0.75,7.446342437583416,15.68981881128857,5.8,10.3,9.560002706509609,23.900040226316953,33.46004293282656,0.285714,0.714286,1.8340744920156198,2.1761191139096487,0.733629796806248,0.8704476455638596,0.07563695663995235,0.1,0.1,0.043354207584521666,-0.209,0.4,0.4,1.2,3265706114.4508047,0.0056840283967413965,3050716.102017227,429755.9815804946,566597.3679394046,0.050870611342567006,1.2237037037037035,1860.46875,251.9211,13.59,1,1,0.045,4.199523015039315,6.299284522558972,2.09,2.103,3.25,3.942,9.295,1.7,0.1745,0,"[0.9, 0.9, 0.9, 0.9, 0.9, 0.9, 0.9, 0.9, 0.9, 0.9, 0.9, 0.9, 6.9, 6.9, 6.9, 6.9, 6.9, 6.9, 6.9, 6.9, 6.9, 6.9, 6.9, 6.9, 6.9, 6.9, 6.9, 6.9, 6.9, 6.9, 6.9, 6.9, 6.9, 6.9, 6.9, 6.9]","[1.91, 1.64, 1.37, 1.1, 0.82, 0.55, -1.91, -1.64, -1.37, -1.1, -0.82, -0.55, 4.16, 3.89, 3.62, 3.35, 3.07, 2.8, 2.53, 2.26, 1.99, 1.71, 1.44, 1.17, -4.16, -3.89, -3.62, -3.35, -3.07, -2.8, -2.53, -2.26, -1.99, -1.71, -1.44, -1.17]",53849571.63088535,19746679.133681998,31801942.636956602,2607934299.7956953,6153985.379203093,392519130.0491636,15503066.403837612,91521483.06051682,46675956.360863574
L1,7859.005501276182,7384.005501276182,91.96649809129914,341.88250343198325,371.89844745282227,290.56815780499306,710.9203939163115,488.08620096699326,4455.87015475328,632.813144858499,10,1.7,0.6,1200,83.33,104.17,45,2,30.5,5,0.416,1.441845286660661,1.6886226530314281,0.12772227838857944,1.710741358250175,3.558013036437624,0.154254835770151,1.5,0.07,0.017,5.17,0.75,7.880239047479996,16.60406083670891,5.8,10.3,10.706580594039387,26.76648895816802,37.473069552207406,0.285714,0.714286,1.9409455781970437,2.302921059182928,0.7763782312788176,0.9211684236731712,0.07563695663995236,0.1,0.1,0.043354207584521666,-0.209,0.4,0.4,1.2,3657378223.0214915,0.005371058112839835,3416603.406768953,481298.7186111368,634552.1617983578,0.050870611342567006,1.2237037037037035,1860.46875,251.9211,13.59,1,1,0.045,4.199523015039315,6.299284522558972,2.09,2.103,3.25,3.942,9.295,1.7,0.1745,0,"[0.9, 0.9, 0.9, 0.9, 0.9, 0.9, 0.9, 0.9, 0.9, 0.9, 0.9, 0.9, 6.9, 6.9, 6.9, 6.9, 6.9, 6.9, 6.9, 6.9, 6.9, 6.9, 6.9, 6.9, 6.9, 6.9, 6.9, 6.9, 6.9, 6.9, 6.9, 6.9, 6.9, 6.9, 6.9, 6.9]","[1.91, 1.64, 1.37, 1.1, 0.82, 0.55, -1.91, -1.64, -1.37, -1.1, -0.82, -0.55, 4.16, 3.89, 3.62, 3.35, 3.07, 2.8, 2.53, 2.26, 1.99, 1.71, 1.44, 1.17, -4.16, -3.89, -3.62, -3.35, -3.07, -2.8, -2.53, -2.26, -1.99, -1.71, -1.44, -1.17]",60308014.16279827,22114994.953447275,35616105.17722412,2920716617.131245,6892062.948069391,439595869.33087385,17362424.99119893,102498102.20306858,52274032.12356498
L1,8595.423526612241,8120.4235266122405,99.21890749841013,368.84310251400206,388.60699754992834,320.5602200510473,785.9005494685695,539.5642280212064,4925.82690403651,691.9026174725665,10,1.7,0.6,1200,83.33,104.17,45,2,30.5,5,0.416,1.5159747642751884,1.775439675853057,0.13428885377934877,1.798695568312727,3.7409408790965673,0.16218552743377554,1.5,0.07,0.017,5.17,0.75,8.285385153980933,17.457724102450644,5.8,10.3,11.835794336173732,29.58952726575593,41.42532160192966,0.285714,0.714286,2.0407352596012154,2.4213209573440557,0.8162941038404862,0.9685283829376223,0.07563695663995237,0.1,0.1,0.043354207584521666,-0.209,0.4,0.4,1.2,4043118722.8331676,0.005108419352931157,3776949.5961484453,532060.8758053692,701477.8263380411,0.050870611342567006,1.2237037037037035,1860.46875,251.9211,13.59,1,1,0.045,4.199523015039315,6.299284522558972,2.09,2.103,3.25,3.942,9.295,1.7,0.1745,0,"[0.9, 0.9, 0.9, 0.9, 0.9, 0.9, 0.9, 0.9, 0.9, 0.9, 0.9, 0.9, 6.9, 6.9, 6.9, 6.9, 6.9, 6.9, 6.9, 6.9, 6.9, 6.9, 6.9, 6.9, 6.9, 6.9, 6.9, 6.9, 6.9, 6.9, 6.9, 6.9, 6.9, 6.9, 6.9, 6.9]","[1.91, 1.64, 1.37, 1.1, 0.82, 0.55, -1.91, -1.64, -1.37, -1.1, -0.82, -0.55, 4.16, 3.89, 3.62, 3.35, 3.07, 2.8, 2.53, 2.26, 1.99, 1.71, 1.44, 1.17, -4.16, -3.89, -3.62, -3.35, -3.07, -2.8, -2.53, -2.26, -1.99, -1.71, -1.44, -1.17]",66668647.95762326,24447444.234459285,39372504.80959732,3228762058.1547666,7618962.832141405,485959663.28674,19193624.852315526,113308487.88445336,57787328.821071215
L1,9316.996240196651,8841.996240196651,106.17970257956623,394.71963470358446,404.42242870658373,350.01694106448963,859.54235194042,590.1234016058067,5387.395192954078,749.5965866421217,10,1.7,0.6,1200,83.33,104.17,45,2,30.5,5,0.416,1.5854108128436242,1.8567599711957061,0.14043967343212882,1.881081051095422,3.9122868399224973,0.16961409578819225,1.5,0.07,0.017,5.17,0.75,8.66487986557996,18.257338586304986,5.8,10.3,12.94485225602293,32.362175947085525,45.30702820310845,0.285714,0.714286,2.13420686344334,2.5322244918592216,0.8536827453773361,1.0128897967436887,0.07563695663995236,0.1,0.1,0.04335420758452167,-0.209,0.4,0.4,1.2,4421973974.376707,0.0048846865188767125,4130863.811240647,581916.9573993493,767208.9058753954,0.050870611342567006,1.2237037037037035,1860.46875,251.9211,13.59,1,1,0.045,4.199523015039315,6.299284522558972,2.09,2.103,3.25,3.942,9.295,1.7,0.1745,0,"[0.9, 0.9, 0.9, 0.9, 0.9, 0.9, 0.9, 0.9, 0.9, 0.9, 0.9, 0.9, 6.9, 6.9, 6.9, 6.9, 6.9, 6.9, 6.9, 6.9, 6.9, 6.9, 6.9, 6.9, 6.9, 6.9, 6.9, 6.9, 6.9, 6.9, 6.9, 6.9, 6.9, 6.9, 6.9, 6.9]","[1.91, 1.64, 1.37, 1.1, 0.82, 0.55, -1.91, -1.64, -1.37, -1.1, -0.82, -0.55, 4.16, 3.89, 3.62, 3.35, 3.07, 2.8, 2.53, 2.26, 1.99, 1.71, 1.44, 1.17, -4.16, -3.89, -3.62, -3.35, -3.07, -2.8, -2.53, -2.26, -1.99, -1.71, -1.44, -1.17]",72915748.06116757,26738260.62397961,43061854.84755185,3531309063.4673615,8332887.967203759,531495889.92158365,20992138.838657442,123925914.33721942,63202216.3119819
L1,10022.58137960821,9547.58137960821,112.86077926098794,419.5563227244541,419.41867584043683,378.87984960786605,931.6996232383507,639.6633623684143,5839.658813995639,805.8439525720607,10,1.7,0.6,1200,83.33,104.17,45,2,30.5,5,0.416,1.6506163231468534,1.933125655377757,0.1462157413753869,1.9584470239175773,4.073193185320885,0.17659006288826065,1.5,0.07,0.017,5.17,0.75,9.021253058429531,19.008234864830793,5.8,10.3,14.031552886935204,35.078931327822225,49.11048421475743,0.285714,0.714286,2.2219835119284563,2.6363709937352002,0.8887934047713826,1.0545483974940801,0.07563695663995236,0.1,0.1,0.043354207584521666,-0.209,0.4,0.4,1.2,4793191954.52762,0.004691723155635864,4477643.5365789,630767.9996698546,831614.9250069305,0.05087061134256699,1.2237037037037035,1860.46875,251.9211,13.59,1,1,0.045,4.199523015039315,6.299284522558972,2.09,2.103,3.25,3.942,9.295,1.7,0.1745,0,"[0.9, 0.9, 0.9, 0.9, 0.9, 0.9, 0.9, 0.9, 0.9, 0.9, 0.9, 0.9, 6.9, 6.9, 6.9, 6.9, 6.9, 6.9, 6.9, 6.9, 6.9, 6.9, 6.9, 6.9, 6.9, 6.9, 6.9, 6.9, 6.9, 6.9, 6.9, 6.9, 6.9, 6.9, 6.9, 6.9]","[1.91, 1.64, 1.37, 1.1, 0.82, 0.55, -1.91, -1.64, -1.37, -1.1, -0.82, -0.55, 4.16, 3.89, 3.62, 3.35, 3.07, 2.8, 2.53, 2.26, 1.99, 1.71, 1.44, 1.17, -4.16, -3.89, -3.62, -3.35, -3.07, -2.8, -2.53, -2.26, -1.99, -1.71, -1.44, -1.17]",79036914.05474961,28982896.878986396,46676831.97556924,3827757080.8968945,9032421.220437175,576114160.372398,22754396.921560872,134329306.09736702,68507946.10965718
L1,10711.300463781132,10236.300463781132,119.27315945622348,443.3941401862915,433.6577229567376,407.10325518432836,1002.2581371203369,688.1056876712801,6281.901825816592,860.6065353893421,10,1.7,0.6,1200,83.33,104.17,45,2,30.5,5,0.416,1.7119771787842457,2.00498865746078,0.15165124014795728,2.0312513355088884,4.224612152601659,0.18315471222798524,1.5,0.07,0.017,5.17,0.75,9.356613734816973,19.714856712141074,5.8,10.3,15.094175962511315,37.735492735946984,52.8296686984583,0.285714,0.714286,2.304584663748023,2.7343767978004263,0.9218338654992092,1.0937507191201705,0.07563695663995235,0.1,0.1,0.043354207584521666,-0.209,0.4,0.4,1.2,5156185018.630258,0.004523561949510427,4816739.8136989605,678536.6705493452,894593.9278604685,0.050870611342567006,1.2237037037037035,1860.46875,251.9211,13.59,1,1,0.045,4.199523015039315,6.299284522558972,2.09,2.103,3.25,3.942,9.295,1.7,0.1745,0,"[0.9, 0.9, 0.9, 0.9, 0.9, 0.9, 0.9, 0.9, 0.9, 0.9, 0.9, 0.9, 6.9, 6.9, 6.9, 6.9, 6.9, 6.9, 6.9, 6.9, 6.9, 6.9, 6.9, 6.9, 6.9, 6.9, 6.9, 6.9, 6.9, 6.9, 6.9, 6.9, 6.9, 6.9, 6.9, 6.9]","[1.91, 1.64, 1.37, 1.1, 0.82, 0.55, -1.91, -1.64, -1.37, -1.1, -0.82, -0.55, 4.16, 3.89, 3.62, 3.35, 3.07, 2.8, 2.53, 2.26, 1.99, 1.71, 1.44, 1.17, -4.16, -3.89, -3.62, -3.35, -3.07, -2.8, -2.53, -2.26, -1.99, -1.71, -1.44, -1.17]",85022456.02388565,31177799.700421773,50211713.62065154,4117636827.9666657,9716455.218277624,619743843.1246102,24477609.41518173,144502194.4109688,73696119.1495941
L1,11382.494773394988,10907.494773394988,125.42719783546643,466.2715802430324,447.19263188696993,434.65201855124525,1071.1300454798736,735.39006492676,6713.573618588776,913.8576158828645,10,1.7,0.6,1200,83.33,104.17,45,2,30.5,5,0.416,1.7698207247848043,2.0727323488345113,0.15677516679502254,2.0998823789131253,4.367351524604894,0.18934306459229777,1.5,0.07,0.017,5.17,0.75,9.672750961227718,20.380973781489505,5.8,10.3,16.131398475505478,40.32855264871482,56.4599511242203,0.285714,0.714286,2.382450975671852,2.8267647408445917,0.9529803902687409,1.1307058963378367,0.07563695663995236,0.1,0.1,0.04335420758452167,-0.209,0.4,0.4,1.2,5510501226.137668,0.004375717108477332,5147730.45448732,725163.4961762535,956067.5031168667,0.050870611342567006,1.2237037037037035,1860.46875,251.9211,13.59,1,1,0.045,4.199523015039315,6.299284522558972,2.09,2.103,3.25,3.942,9.295,1.7,0.1745,0,"[0.9, 0.9, 0.9, 0.9, 0.9, 0.9, 0.9, 0.9, 0.9, 0.9, 0.9, 0.9, 6.9, 6.9, 6.9, 6.9, 6.9, 6.9, 6.9, 6.9, 6.9, 6.9, 6.9, 6.9, 6.9, 6.9, 6.9, 6.9, 6.9, 6.9, 6.9, 6.9, 6.9, 6.9, 6.9, 6.9]","[1.91, 1.64, 1.37, 1.1, 0.82, 0.55, -1.91, -1.64, -1.37, -1.1, -0.82, -0.55, 4.16, 3.89, 3.62, 3.35, 3.07, 2.8, 2.53, 2.26, 1.99, 1.71, 1.44, 1.17, -4.16, -3.89, -3.62, -3.35, -3.07, -2.8, -2.53, -2.26, -1.99, -1.71, -1.44, -1.17]",90864921.73496898,33320236.34851819,53662098.71704276,4400587393.065969,10384138.31167256,662330617.5185809,26159630.85263954,154431913.6346196,78760275.953656
L1,12035.689879012985,11560.689879012985,131.33271725758416,488.22515905708565,460.06962105295526,461.4997909357995,1138.2494763849736,781.4712694074312,7134.261323616503,965.5805213006511,10,1.7,0.6,1200,83.33,104.17,45,2,30.5,5,0.416,1.8244287410088682,2.1366867370661553,0.16161248208463408,2.1646744843566057,4.502106643907055,0.19518526600760067,1.5,0.07,0.017,5.17,0.75,9.97120477297539,21.00983100489959,5.8,10.3,17.14222838355297,42.855630956741756,59.997859340294724,0.285714,0.714286,2.4559617667427074,2.913984882787738,0.982384706697083,1.1655939531150954,0.07563695663995236,0.1,0.1,0.04335420758452167,-0.209,0.4,0.4,1.2,5855801694.424426,0.004244745026378084,5470298.885852018,770603.8807326377,1015976.8549148691,0.050870611342567006,1.2237037037037035,1860.46875,251.9211,13.59,1,1,0.045,4.199523015039315,6.299284522558972,2.09,2.103,3.25,3.942,9.295,1.7,0.1745,0,"[0.9, 0.9, 0.9, 0.9, 0.9, 0.9, 0.9, 0.9, 0.9, 0.9, 0.9, 0.9, 6.9, 6.9, 6.9, 6.9, 6.9, 6.9, 6.9, 6.9, 6.9, 6.9, 6.9, 6.9, 6.9, 6.9, 6.9, 6.9, 6.9, 6.9, 6.9, 6.9, 6.9, 6.9, 6.9, 6.9]","[1.91, 1.64, 1.37, 1.1, 0.82, 0.55, -1.91, -1.64, -1.37, -1.1, -0.82, -0.55, 4.16, 3.89, 3.62, 3.35, 3.07, 2.8, 2.53, 2.26, 1.99, 1.71, 1.44, 1.17, -4.16, -3.89, -3.62, -3.35, -3.07, -2.8, -2.53, -2.26, -1.99, -1.71, -1.44, -1.17]",96558723.21297275,35408157.70855624,57024687.17421519,4676338150.611399,11034831.900990242,703833751.8078955,27798852.47930024,164108966.57556054,83695572.95353588
L1,12670.566593008298,12195.566593008298,136.99909918065353,509.2897518975949,472.3295333269113,487.62759516051943,1203.568986891997,826.3167289064447,7543.667580466127,1015.7673171780494,10,1.7,0.6,1200,83.33,104.17,45,2,30.5,5,0.416,1.8760468076469878,2.1971394343404147,0.16618494012713536,2.2259190313601613,4.629483523876952,0.2007075897032842,1.5,0.07,0.017,5.17,0.75,10.253317360255268,21.60425644475911,5.8,10.3,18.125951187950356,45.31494141076848,63.44089259871884,0.285714,0.714286,2.5254476256786376,2.996429465292525,1.0101790502714552,1.19857178611701,0.07563695663995235,0.1,0.1,0.04335420758452166,-0.209,0.4,0.4,1.2,6191842350.0465975,0.004127953946997594,5784217.102345113,814825.7049711442,1074279.6367094808,0.05087061134256699,1.2237037037037035,1860.46875,251.9211,13.59,1,1,0.045,4.199523015039315,6.299284522558972,2.09,2.103,3.25,3.942,9.295,1.7,0.1745,0,"[0.9, 0.9, 0.9, 0.9, 0.9, 0.9, 0.9, 0.9, 0.9, 0.9, 0.9, 0.9, 6.9, 6.9, 6.9, 6.9, 6.9, 6.9, 6.9, 6.9, 6.9, 6.9, 6.9, 6.9, 6.9, 6.9, 6.9, 6.9, 6.9, 6.9, 6.9, 6.9, 6.9, 6.9, 6.9, 6.9]","[1.91, 1.64, 1.37, 1.1, 0.82, 0.55, -1.91, -1.64, -1.37, -1.1, -0.82, -0.55, 4.16, 3.89, 3.62, 3.35, 3.07, 2.8, 2.53, 2.26, 1.99, 1.71, 1.44, 1.17, -4.16, -3.89, -3.62, -3.35, -3.07, -2.8, -2.53, -2.26, -1.99, -1.71, -1.44, -1.17]",102099835.83046836,37440087.9465774,60297102.16786467,4944694187.930536,11668076.047597855,744223909.765556,29394115.621763315,173526513.0703534,88498521.66588023
L1,13286.936871410273,12811.936871410273,142.43534506850943,529.4988214173121,484.008898462446,513.0226637203319,1267.0566582382883,869.9045294264843,7941.59233036439,1064.4176247125101,10,1.7,0.6,1200,83.33,104.17,45,2,30.5,5,0.416,1.924891227947096,2.254343765038041,0.17051170160772927,2.283872662516161,4.750015931752364,0.20593317673497705,1.5,0.07,0.017,5.17,0.75,10.520270903510857,22.166741014844362,5.8,10.3,19.08208618676848,47.70528225428963,66.7873684410581,0.285714,0.714286,2.5911997299287832,3.0744439687717557,1.0364798919715132,1.2297775875087025,0.07563695663995237,0.1,0.1,0.04335420758452166,-0.209,0.4,0.4,1.2,6518458984.763091,0.004023206460677716,6089331.70598539,857807.359637492,1130947.3585037652,0.050870611342567006,1.2237037037037035,1860.46875,251.9211,13.59,1,1,0.045,4.199523015039315,6.299284522558972,2.09,2.103,3.25,3.942,9.295,1.7,0.1745,0,"[0.9, 0.9, 0.9, 0.9, 0.9, 0.9, 0.9, 0.9, 0.9, 0.9, 0.9, 0.9, 6.9, 6.9, 6.9, 6.9, 6.9, 6.9, 6.9, 6.9, 6.9, 6.9, 6.9, 6.9, 6.9, 6.9, 6.9, 6.9, 6.9, 6.9, 6.9, 6.9, 6.9, 6.9, 6.9, 6.9]","[1.91, 1.64, 1.37, 1.1, 0.82, 0.55, -1.91, -1.64, -1.37, -1.1, -0.82, -0.55, 4.16, 3.89, 3.62, 3.35, 3.07, 2.8, 2.53, 2.26, 1.99, 1.71, 1.44, 1.17, -4.16, -3.89, -3.62, -3.35, -3.07, -2.8, -2.53, -2.26, -1.99, -1.71, -1.44, -1.17]",107485551.89021319,39415034.14793033,63477744.61317441,5205524371.268768,12283561.313021945,783481354.5035262,30944640.745319728,182679951.17956167,93166775.10157646
L1,13884.723611476564,13409.723611476564,147.6501188106565,548.8845753472563,495.1407190581449,537.677474856411,1328.6936860267974,912.2217607081235,8327.917712081951,1111.5375645872246,10,1.7,0.6,1200,83.33,104.17,45,2,30.5,5,0.416,1.9711542524272978,2.308524884092739,0.17460979656037356,2.3387634819877294,4.864178280326404,0.21088259489339253,1.5,0.07,0.017,5.17,0.75,10.773116125766114,22.699498641523213,5.8,10.3,20.010350182627914,50.02594549286545,70.03629567549336,0.285714,0.714286,2.6534768782675164,3.1483354565219437,1.0613907513070067,1.2593341826087776,0.07563695663995237,0.1,0.1,0.043354207584521666,-0.209,0.4,0.4,1.2,6835554858.076866,0.003928781735291542,6385552.324956864,899536.1140064388,1185963.2358997767,0.050870611342567006,1.2237037037037035,1860.46875,251.9211,13.59,1,1,0.045,4.199523015039315,6.299284522558972,2.09,2.103,3.25,3.942,9.295,1.7,0.1745,0,"[0.9, 0.9, 0.9, 0.9, 0.9, 0.9, 0.9, 0.9, 0.9, 0.9, 0.9, 0.9, 6.9, 6.9, 6.9, 6.9, 6.9, 6.9, 6.9, 6.9, 6.9, 6.9, 6.9, 6.9, 6.9, 6.9, 6.9, 6.9, 6.9, 6.9, 6.9, 6.9, 6.9, 6.9, 6.9, 6.9]","[1.91, 1.64, 1.37, 1.1, 0.82, 0.55, -1.91, -1.64, -1.37, -1.1, -0.82, -0.55, 4.16, 3.89, 3.62, 3.35, 3.07, 2.8, 2.53, 2.26, 1.99, 1.71, 1.44, 1.17, -4.16, -3.89, -3.62, -3.35, -3.07, -2.8, -2.53, -2.26, -1.99, -1.71, -1.44, -1.17]",112714276.1983525,41332411.353807524,66565672.43647647,5458751445.401166,12881105.396840023,821594458.3693445,32449968.600331888,191566569.74870592,97698950.57184003
L1,14463.943570779815,13988.943570779815,152.65177656353683,567.4780774306688,505.75506348113095,561.5889444590626,1388.4723599832964,953.2631292213287,8702.595399559925,1157.138820080865,10,1.7,0.6,1200,83.33,104.17,45,2,30.5,5,0.416,2.015008094256814,2.3598844796199994,0.17849448006031443,2.3907958197357475,4.972395536623482,0.21557426828712348,1.5,0.07,0.017,5.17,0.75,11.012794238226663,23.204512504242917,5.8,10.3,20.91062705750317,52.27664083102581,73.18726788852898,0.285714,0.714286,2.712510896114942,3.218378988105814,1.0850043584459768,1.2873515952423258,0.07563695663995236,0.1,0.1,0.04335420758452167,-0.209,0.4,0.4,1.2,7143090303.958786,0.0038432772783649253,6672841.904549301,940006.7481614677,1239320.3868735626,0.05087061134256699,1.2237037037037035,1860.46875,251.9211,13.59,1,1,0.045,4.199523015039315,6.299284522558972,2.09,2.103,3.25,3.942,9.295,1.7,0.1745,0,"[0.9, 0.9, 0.9, 0.9, 0.9, 0.9, 0.9, 0.9, 0.9, 0.9, 0.9, 0.9, 6.9, 6.9, 6.9, 6.9, 6.9, 6.9, 6.9, 6.9, 6.9, 6.9, 6.9, 6.9, 6.9, 6.9, 6.9, 6.9, 6.9, 6.9, 6.9, 6.9, 6.9, 6.9, 6.9, 6.9]","[1.91, 1.64, 1.37, 1.1, 0.82, 0.55, -1.91, -1.64, -1.37, -1.1, -0.82, -0.55, 4.16, 3.89, 3.62, 3.35, 3.07, 2.8, 2.53, 2.26, 1.99, 1.71, 1.44, 1.17, -4.16, -3.89, -3.62, -3.35, -3.07, -2.8, -2.53, -2.26, -1.99, -1.71, -1.44, -1.17]",117785354.6854134,43191979.71643263,69560499.36394861,5704343733.748674,13460633.551308481,858558453.7339898,33909910.88293469,200185257.13647902,102094481.1396043
L1,15024.692825868382,14549.692825868382,157.44838818958976,585.3093271220287,515.8795211642944,584.7577428311927,1446.3943558650487,993.0297854662165,9065.635896023196,1201.2378092068163,10,1.7,0.6,1200,83.33,104.17,45,2,30.5,5,0.416,2.0566080664425432,2.408604447045209,0.18217951012395492,2.4401539537731423,5.07505096347241,0.22002481297240956,1.5,0.07,0.017,5.17,0.75,11.240154086210973,23.68357116287125,5.8,10.3,21.782942048580217,54.45743136182394,76.24037341040416,0.285714,0.714286,2.7685108586726543,3.2848226300792303,1.1074043434690617,1.3139290520316922,0.07563695663995237,0.1,0.1,0.043354207584521666,-0.209,0.4,0.4,1.2,7441073943.455838,0.003765537513316458,6951208.4982635155,979220.396603474,1291020.3071697978,0.050870611342567006,1.2237037037037035,1860.46875,251.9211,13.59,1,1,0.045,4.199523015039315,6.299284522558972,2.09,2.103,3.25,3.942,9.295,1.7,0.1745,0,"[0.9, 0.9, 0.9, 0.9, 0.9, 0.9, 0.9, 0.9, 0.9, 0.9, 0.9, 0.9, 6.9, 6.9, 6.9, 6.9, 6.9, 6.9, 6.9, 6.9, 6.9, 6.9, 6.9, 6.9, 6.9, 6.9, 6.9, 6.9, 6.9, 6.9, 6.9, 6.9, 6.9, 6.9, 6.9, 6.9]","[1.91, 1.64, 1.37, 1.1, 0.82, 0.55, -1.91, -1.64, -1.37, -1.1, -0.82, -0.55, 4.16, 3.89, 3.62, 3.35, 3.07, 2.8, 2.53, 2.26, 1.99, 1.71, 1.44, 1.17, -4.16, -3.89, -3.62, -3.35, -3.07, -2.8, -2.53, -2.26, -1.99, -1.71, -1.44, -1.17]",122698929.50738634,44993791.36451617,72462309.34865709,5942308120.92471,14022162.022162639,894374376.7978253,35324508.51924309,208536254.94790548,106353490.0234318
L1,15567.134324036448,15092.134324036448,162.04775305783002,602.4073183251957,525.5395579479507,607.1877130347353,1502.4692813268814,1031.528325629625,9417.099419834847,1243.8549548793833,10,1.7,0.6,1200,83.33,104.17,45,2,30.5,5,0.416,2.096095069235858,2.454849802239688,0.18567736804959886,2.487005061459125,5.172492257630854,0.22424930306665916,1.5,0.07,0.017,5.17,0.75,11.45596574378521,24.138297202277315,5.8,10.3,22.62743984875521,56.56867881800668,79.19611866676189,0.285714,0.714286,2.8216664393559627,3.3478914288872836,1.128666575742385,1.3391565715549136,0.07563695663995235,0.1,0.1,0.043354207584521666,-0.209,0.4,0.4,1.2,7729555203.800442,0.00369460094536734,7220698.279407375,1017183.5637906177,1341071.572373306,0.05087061134256699,1.2237037037037035,1860.46875,251.9211,13.59,1,1,0.045,4.199523015039315,6.299284522558972,2.09,2.103,3.25,3.942,9.295,1.7,0.1745,0,"[0.9, 0.9, 0.9, 0.9, 0.9, 0.9, 0.9, 0.9, 0.9, 0.9, 0.9, 0.9, 6.9, 6.9, 6.9, 6.9, 6.9, 6.9, 6.9, 6.9, 6.9, 6.9, 6.9, 6.9, 6.9, 6.9, 6.9, 6.9, 6.9, 6.9, 6.9, 6.9, 6.9, 6.9, 6.9, 6.9]","[1.91, 1.64, 1.37, 1.1, 0.82, 0.55, -1.91, -1.64, -1.37, -1.1, -0.82, -0.55, 4.16, 3.89, 3.62, 3.35, 3.07, 2.8, 2.53, 2.26, 1.99, 1.71, 1.44, 1.17, -4.16, -3.89, -3.62, -3.35, -3.07, -2.8, -2.53, -2.26, -1.99, -1.71, -1.44, -1.17]",127455815.69024093,46738145.168705024,75271583.72050571,6172684078.630111,14565783.951422887,929048168.4304788,36693996.15182429,216620948.38222122,110476683.67493284
L1,16091.487179420028,15616.487179420028,166.45741205697064,618.8000840518075,534.7587976070748,628.885372961458,1556.7134310981994,1068.7699369452287,9757.088102258882,1285.014042440408,10,1.7,0.6,1200,83.33,104.17,45,2,30.5,5,0.416,2.133597588801891,2.4987710222699073,0.18899943546459838,2.5315015909090968,5.265036481861901,0.22826148457472048,1.5,0.07,0.017,5.17,0.75,11.660931437259567,24.570170248688868,5.8,10.3,23.444365859391112,58.61099670384034,82.05536256323145,0.285714,0.714286,2.872150600310238,3.4077906031468608,1.1488602401240953,1.3631162412587443,0.07563695663995235,0.1,0.1,0.043354207584521666,-0.209,0.4,0.4,1.2,8008617914.334091,0.0036296604687894073,7481389.558616601,1053907.2813833354,1389488.726806993,0.05087061134256699,1.2237037037037035,1860.46875,251.9211,13.59,1,1,0.045,4.199523015039315,6.299284522558972,2.09,2.103,3.25,3.942,9.295,1.7,0.1745,0,"[0.9, 0.9, 0.9, 0.9, 0.9, 0.9, 0.9, 0.9, 0.9, 0.9, 0.9, 0.9, 6.9, 6.9, 6.9, 6.9, 6.9, 6.9, 6.9, 6.9, 6.9, 6.9, 6.9, 6.9, 6.9, 6.9, 6.9, 6.9, 6.9, 6.9, 6.9, 6.9, 6.9, 6.9, 6.9, 6.9]","[1.91, 1.64, 1.37, 1.1, 0.82, 0.55, -1.91, -1.64, -1.37, -1.1, -0.82, -0.55, 4.16, 3.89, 3.62, 3.35, 3.07, 2.8, 2.53, 2.26, 1.99, 1.71, 1.44, 1.17, -4.16, -3.89, -3.62, -3.35, -3.07, -2.8, -2.53, -2.26, -1.99, -1.71, -1.44, -1.17]",132057395.53047647,48425548.01818349,77989138.82236682,6395538551.472671,15091657.309379246,962589904.4376241,38018771.73805784,224441686.758498,114465260.246834
L1,16598.01743654336,16123.01743654336,170.68465707204982,634.5147316503374,543.5592480405164,649.8594871768012,1609.1487165925857,1104.7696628112833,10085.73927852252,1324.7416546772665,10,1.7,0.6,1200,83.33,104.17,45,2,30.5,5,0.416,2.1692333227848386,2.5405059491845514,0.19215613832201292,2.573783189718787,5.352974076309362,0.2320739492988792,1.5,0.07,0.017,5.17,0.75,11.855694429527905,24.98054568944369,5.8,10.3,24.234050070058448,60.58520999440618,84.81926006446463,0.285714,0.714286,2.920121780671898,3.4647081400060595,1.1680487122687593,1.385883256002424,0.07563695663995236,0.1,0.1,0.043354207584521666,-0.209,0.4,0.4,1.2,8278374799.811284,0.0035700331278502835,7733387.639678983,1089406.3835815878,1436291.3281245378,0.05087061134256699,1.2237037037037035,1860.46875,251.9211,13.59,1,1,0.045,4.199523015039315,6.299284522558972,2.09,2.103,3.25,3.942,9.295,1.7,0.1745,0,"[0.9, 0.9, 0.9, 0.9, 0.9, 0.9, 0.9, 0.9, 0.9, 0.9, 0.9, 0.9, 6.9, 6.9, 6.9, 6.9, 6.9, 6.9, 6.9, 6.9, 6.9, 6.9, 6.9, 6.9, 6.9, 6.9, 6.9, 6.9, 6.9, 6.9, 6.9, 6.9, 6.9, 6.9, 6.9, 6.9]","[1.91, 1.64, 1.37, 1.1, 0.82, 0.55, -1.91, -1.64, -1.37, -1.1, -0.82, -0.55, 4.16, 3.89, 3.62, 3.35, 3.07, 2.8, 2.53, 2.26, 1.99, 1.71, 1.44, 1.17, -4.16, -3.89, -3.62, -3.35, -3.07, -2.8, -2.53, -2.26, -1.99, -1.71, -1.44, -1.17]",136505527.79294482,50056681.523445465,80616072.3850375,6610961559.418486,15599994.517623467,995013133.6877207,39299370.40856884,232001629.1903695,118320830.88708845
L1,17087.030078379856,16612.030078379856,174.73653877507886,649.5774717675765,551.9614853983593,670.1206974617345,1659.8017422624418,1139.5457686569596,10403.219698639474,1363.0666754182303,10,1.7,0.6,1200,83.33,104.17,45,2,30.5,5,0.416,2.203110517176436,2.5801813556931723,0.19515706532377797,2.6139782911512097,5.436572157461605,0.23569827786282121,1.5,0.07,0.017,5.17,0.75,12.040846326568136,25.37067006815415,5.8,10.3,24.996893148280925,62.492320359915816,87.48921350819674,0.285714,0.714286,2.9657256961990486,3.5188169303958596,1.1862902784796194,1.407526772158344,0.07563695663995236,0.1,0.1,0.043354207584521666,-0.209,0.4,0.4,1.2,8538962728.64328,0.0035151367868298477,7976820.380598716,1123698.8818096642,1481503.1228845264,0.05087061134256699,1.2237037037037035,1860.46875,251.9211,13.59,1,1,0.045,4.199523015039315,6.299284522558972,2.09,2.103,3.25,3.942,9.295,1.7,0.1745,0,"[0.9, 0.9, 0.9, 0.9, 0.9, 0.9, 0.9, 0.9, 0.9, 0.9, 0.9, 0.9, 6.9, 6.9, 6.9, 6.9, 6.9, 6.9, 6.9, 6.9, 6.9, 6.9, 6.9, 6.9, 6.9, 6.9, 6.9, 6.9, 6.9, 6.9, 6.9, 6.9, 6.9, 6.9, 6.9, 6.9]","[1.91, 1.64, 1.37, 1.1, 0.82, 0.55, -1.91, -1.64, -1.37, -1.1, -0.82, -0.55, 4.16, 3.89, 3.62, 3.35, 3.07, 2.8, 2.53, 2.26, 1.99, 1.71, 1.44, 1.17, -4.16, -3.89, -3.62, -3.35, -3.07, -2.8, -2.53, -2.26, -1.99, -1.71, -1.44, -1.17]",140802469.35718673,51632373.28394595,83153717.25391515,6819062403.124677,16091053.494710451,1026334306.9781867,40536441.9095359,239304611.41796148,122045351.82316037
L1,17558.86209715074,17083.86209715074,178.6198733096298,664.0136431983746,559.9848058301862,689.6812031351943,1708.7030064050832,1173.119193251493,10709.72051826367,1400.0198537571066,10,1.7,0.6,1200,83.33,104.17,45,2,30.5,5,0.416,2.2353290770281355,2.617914245981028,0.19801106631038057,2.652205431990443,5.5160772590339695,0.239145158540418,1.5,0.07,0.017,5.17,0.75,12.216933147911462,25.741693875491855,5.8,10.3,25.73335440354101,64.333476075683,90.06683047922401,0.285714,0.714286,3.0090968344609514,3.5702765430640575,1.2036387337843806,1.428110617225623,0.07563695663995236,0.1,0.1,0.043354207584521666,-0.209,0.4,0.4,1.2,8790538601.39082,0.00346447192226147,8211834.352760451,1156805.4236555987,1525151.3332072687,0.05087061134256699,1.2237037037037035,1860.46875,251.9211,13.59,1,1,0.045,4.199523015039315,6.299284522558972,2.09,2.103,3.25,3.942,9.295,1.7,0.1745,0,"[0.9, 0.9, 0.9, 0.9, 0.9, 0.9, 0.9, 0.9, 0.9, 0.9, 0.9, 0.9, 6.9, 6.9, 6.9, 6.9, 6.9, 6.9, 6.9, 6.9, 6.9, 6.9, 6.9, 6.9, 6.9, 6.9, 6.9, 6.9, 6.9, 6.9, 6.9, 6.9, 6.9, 6.9, 6.9, 6.9]","[1.91, 1.64, 1.37, 1.1, 0.82, 0.55, -1.91, -1.64, -1.37, -1.1, -0.82, -0.55, 4.16, 3.89, 3.62, 3.35, 3.07, 2.8, 2.53, 2.26, 1.99, 1.71, 1.44, 1.17, -4.16, -3.89, -3.62, -3.35, -3.07, -2.8, -2.53, -2.26, -1.99, -1.71, -1.44, -1.17]",144950807.42109704,53153572.02713324,85603601.35051431,7019966380.563468,16565129.90832216,1056572282.8558261,41730731.08440991,246355030.58281353,125641065.5972349
L1,18013.87647798359,17538.87647798359,182.34124826451833,677.8477350926132,567.6473520125255,708.5544838860297,1755.8862082426044,1205.5130729761554,11005.452955640136,1435.6334218690072,10,1.7,0.6,1200,83.33,104.17,45,2,30.5,5,0.416,2.2659814979811412,2.653812946674067,0.20072633477813065,2.688574357796795,5.59171763068699,0.24242448691483337,1.5,0.07,0.017,5.17,0.75,12.38446041781231,26.094682276539285,5.8,10.3,26.443941351786187,66.10994593335275,92.55388728513893,0.285714,0.714286,3.050359708820767,3.6192347124187627,1.2201438835283067,1.4476938849675052,0.07563695663995237,0.1,0.1,0.04335420758452166,-0.209,0.4,0.4,1.2,9033275785.989424,0.0034176072625828097,8438591.510833088,1188748.823758765,1567266.038289272,0.050870611342567006,1.2237037037037035,1860.46875,251.9211,13.59,1,1,0.045,4.199523015039315,6.299284522558972,2.09,2.103,3.25,3.942,9.295,1.7,0.1745,0,"[0.9, 0.9, 0.9, 0.9, 0.9, 0.9, 0.9, 0.9, 0.9, 0.9, 0.9, 0.9, 6.9, 6.9, 6.9, 6.9, 6.9, 6.9, 6.9, 6.9, 6.9, 6.9, 6.9, 6.9, 6.9, 6.9, 6.9, 6.9, 6.9, 6.9, 6.9, 6.9, 6.9, 6.9, 6.9, 6.9]","[1.91, 1.64, 1.37, 1.1, 0.82, 0.55, -1.91, -1.64, -1.37, -1.1, -0.82, -0.55, 4.16, 3.89, 3.62, 3.35, 3.07, 2.8, 2.53, 2.26, 1.99, 1.71, 1.44, 1.17, -4.16, -3.89, -3.62, -3.35, -3.07, -2.8, -2.53, -2.26, -1.99, -1.71, -1.44, -1.17]",148953400.7198882,54621326.053397804,87967412.9581486,7213811940.2570715,17022550.457709197,1085747899.1513698,42883060.951099604,253157745.32499266,129110450.11574626
L1,18452.45697062955,17977.45697062955,185.90702820455263,691.1034075155889,574.9662198133524,726.7550591193437,1801.3876462877322,1236.7523287691122,11290.644520713608,1469.9407602062627,10,1.7,0.6,1200,83.33,104.17,45,2,30.5,5,0.416,2.2951536543395714,2.687978029793843,0.20331047768866153,2.7231869579512065,5.663705182738903,0.24554545018999366,1.5,0.07,0.017,5.17,0.75,12.543897472371269,26.43062418611488,5.8,10.3,27.129200654717643,67.82309658909135,94.95229724380899,0.285714,0.714286,3.089629919303269,3.6658285972420086,1.2358519677213078,1.4663314388968036,0.07563695663995237,0.1,0.1,0.04335420758452167,-0.209,0.4,0.4,1.2,9267361022.601728,0.0033741683524047194,8657266.301383786,1219553.656498817,1607879.6373976257,0.050870611342567006,1.2237037037037035,1860.46875,251.9211,13.59,1,1,0.045,4.199523015039315,6.299284522558972,2.09,2.103,3.25,3.942,9.295,1.7,0.1745,0,"[0.9, 0.9, 0.9, 0.9, 0.9, 0.9, 0.9, 0.9, 0.9, 0.9, 0.9, 0.9, 6.9, 6.9, 6.9, 6.9, 6.9, 6.9, 6.9, 6.9, 6.9, 6.9, 6.9, 6.9, 6.9, 6.9, 6.9, 6.9, 6.9, 6.9, 6.9, 6.9, 6.9, 6.9, 6.9, 6.9]","[1.91, 1.64, 1.37, 1.1, 0.82, 0.55, -1.91, -1.64, -1.37, -1.1, -0.82, -0.55, 4.16, 3.89, 3.62, 3.35, 3.07, 2.8, 2.53, 2.26, 1.99, 1.71, 1.44, 1.17, -4.16, -3.89, -3.62, -3.35, -3.07, -2.8, -2.53, -2.26, -1.99, -1.71, -1.44, -1.17]",152813328.4889266,56036764.52070539,90246970.58091246,7400748209.548309,17463667.041110538,1113883600.9604917,43994318.00858557,259717989.04151356,132456174.41117193
L1,18875.0035444077,18400.0035444077,189.32335993823588,703.803511030526,581.9575491498179,744.2982788251821,1845.2456955155494,1266.8633071748727,11565.535738172388,1502.9761046011308,10,1.7,0.6,1200,83.33,104.17,45,2,30.5,5,0.416,2.3229254711706457,2.7205030998902373,0.20577057500525384,2.756138063098349,5.732237144693973,0.24851659909476823,1.5,0.07,0.017,5.17,0.75,12.695681132821107,26.750440008571868,5.8,10.3,27.78971024590859,69.4743728788546,97.26408312476319,0.285714,0.714286,3.1270150573451003,3.7101858541708546,1.2508060229380402,1.484074341668342,0.07563695663995235,0.1,0.1,0.04335420758452166,-0.209,0.4,0.4,1.2,9492991733.891895,0.0033338283644872547,8868043.150224108,1249245.9020368138,1647026.383204789,0.05087061134256699,1.2237037037037035,1860.46875,251.9211,13.59,1,1,0.045,4.199523015039315,6.299284522558972,2.09,2.103,3.25,3.942,9.295,1.7,0.1745,0,"[0.9, 0.9, 0.9, 0.9, 0.9, 0.9, 0.9, 0.9, 0.9, 0.9, 0.9, 0.9, 6.9, 6.9, 6.9, 6.9, 6.9, 6.9, 6.9, 6.9, 6.9, 6.9, 6.9, 6.9, 6.9, 6.9, 6.9, 6.9, 6.9, 6.9, 6.9, 6.9, 6.9, 6.9, 6.9, 6.9]","[1.91, 1.64, 1.37, 1.1, 0.82, 0.55, -1.91, -1.64, -1.37, -1.1, -0.82, -0.55, 4.16, 3.89, 3.62, 3.35, 3.07, 2.8, 2.53, 2.26, 1.99, 1.71, 1.44, 1.17, -4.16, -3.89, -3.62, -3.35, -3.07, -2.8, -2.53, -2.26, -1.99, -1.71, -1.44, -1.17]",156533846.11174113,57401081.1806877,92444196.75072423,7580932846.634027,17888851.687161393,1141003117.3542333,45065439.46816763,266041294.50672325,135681060.19842887
L1,19281.928437637755,18806.928437637755,192.59617764107338,715.9701057443075,588.6366021423436,761.2001417763081,1887.5003528579302,1295.87346830106,11830.377298721858,1534.7742904528725,10,1.7,0.6,1200,83.33,104.17,45,2,30.5,5,0.416,2.3493715018010866,2.7514754703785806,0.2081132308489172,2.7875161303428793,5.797497490318892,0.25134590966602866,1.5,0.07,0.017,5.17,0.75,12.840218861766708,27.054988288154828,5.8,10.3,28.42607248587406,71.06528070603834,99.4913531919124,0.285714,0.714286,3.1626154831937705,3.752425560076953,1.2650461932775083,1.5009702240307812,0.07563695663995235,0.1,0.1,0.04335420758452167,-0.209,0.4,0.4,1.2,9710373686.790901,0.003296300656767862,9071114.27810742,1277852.6386113656,1684741.9761067599,0.05087061134256699,1.2237037037037035,1860.46875,251.9211,13.59,1,1,0.045,4.199523015039315,6.299284522558972,2.09,2.103,3.25,3.942,9.295,1.7,0.1745,0,"[0.9, 0.9, 0.9, 0.9, 0.9, 0.9, 0.9, 0.9, 0.9, 0.9, 0.9, 0.9, 6.9, 6.9, 6.9, 6.9, 6.9, 6.9, 6.9, 6.9, 6.9, 6.9, 6.9, 6.9, 6.9, 6.9, 6.9, 6.9, 6.9, 6.9, 6.9, 6.9, 6.9, 6.9, 6.9, 6.9]","[1.91, 1.64, 1.37, 1.1, 0.82, 0.55, -1.91, -1.64, -1.37, -1.1, -0.82, -0.55, 4.16, 3.89, 3.62, 3.35, 3.07, 2.8, 2.53, 2.26, 1.99, 1.71, 1.44, 1.17, -4.16, -3.89, -3.62, -3.35, -3.07, -2.8, -2.53, -2.26, -1.99, -1.71, -1.44, -1.17]",160118346.56390914,58715520.24008595,94561095.25724106,7754530173.292806,18298492.148660198,1167131180.3366106,46097402.15332062,272133428.3432226,138788048.45504352
L1,19673.652725930668,19198.652725930668,195.731207910511,727.6244800990463,595.0178309623959,777.4771375055102,1928.1928421468112,1323.8111145901012,12085.427582968288,1565.3705297480008,10,1.7,0.6,1200,83.33,104.17,45,2,30.5,5,0.416,2.3745614274889317,2.7809767487322303,0.21034461776057536,2.8174038361072404,5.85965817067304,0.2540408367056975,1.5,0.07,0.017,5.17,0.75,12.97789149408374,27.34507146314085,5.8,10.3,29.03890821245019,72.59737216740584,101.63628037985603,0.285714,0.714286,3.196524998542793,3.7926590101443627,1.2786099994171174,1.5170636040577452,0.07563695663995235,0.1,0.1,0.04335420758452167,-0.209,0.4,0.4,1.2,9919718960.10037,0.0032613326969469256,9266677.802130708,1305401.77508211,1721063.211603987,0.05087061134256699,1.2237037037037035,1860.46875,251.9211,13.59,1,1,0.045,4.199523015039315,6.299284522558972,2.09,2.103,3.25,3.942,9.295,1.7,0.1745,0,"[0.9, 0.9, 0.9, 0.9, 0.9, 0.9, 0.9, 0.9, 0.9, 0.9, 0.9, 0.9, 6.9, 6.9, 6.9, 6.9, 6.9, 6.9, 6.9, 6.9, 6.9, 6.9, 6.9, 6.9, 6.9, 6.9, 6.9, 6.9, 6.9, 6.9, 6.9, 6.9, 6.9, 6.9, 6.9, 6.9]","[1.91, 1.64, 1.37, 1.1, 0.82, 0.55, -1.91, -1.64, -1.37, -1.1, -0.82, -0.55, 4.16, 3.89, 3.62, 3.35, 3.07, 2.8, 2.53, 2.26, 1.99, 1.71, 1.44, 1.17, -4.16, -3.89, -3.62, -3.35, -3.07, -2.8, -2.53, -2.26, -1.99, -1.71, -1.44, -1.17]",163570326.90003976,59981364.07150197,96599731.35607614,7921709551.849866,18692988.07266603,1192293280.5622635,47091212.8514373,278000334.0639213,141780170.37259984
L1,20050.603344489995,19575.603344489995,198.73397479890684,738.787169581996,601.114937242914,793.1461090372268,1967.3652709432524,1350.7051552133842,12330.950510509754,1594.8002171625603,10,1.7,0.6,1200,83.33,104.17,45,2,30.5,5,0.416,2.3985604925670803,2.8090833461025997,0.2124705152471746,2.845878592427048,5.9188801879035635,0.25660836033428364,1.5,0.07,0.017,5.17,0.75,13.109055615145465,27.621440876883295,5.8,10.3,29.628851572582217,74.07223263253974,103.70108420512196,0.285714,0.714286,3.228831432301839,3.8309904128825645,1.2915325729207359,1.5323961651530258,0.07563695663995236,0.1,0.1,0.04335420758452166,-0.209,0.4,0.4,1.2,10121244179.026407,0.0032287010681520422,9454936.08649369,1331921.8186002779,1756027.6739944145,0.05087061134256699,1.2237037037037035,1860.46875,251.9211,13.59,1,1,0.045,4.199523015039315,6.299284522558972,2.09,2.103,3.25,3.942,9.295,1.7,0.1745,0,"[0.9, 0.9, 0.9, 0.9, 0.9, 0.9, 0.9, 0.9, 0.9, 0.9, 0.9, 0.9, 6.9, 6.9, 6.9, 6.9, 6.9, 6.9, 6.9, 6.9, 6.9, 6.9, 6.9, 6.9, 6.9, 6.9, 6.9, 6.9, 6.9, 6.9, 6.9, 6.9, 6.9, 6.9, 6.9, 6.9]","[1.91, 1.64, 1.37, 1.1, 0.82, 0.55, -1.91, -1.64, -1.37, -1.1, -0.82, -0.55, 4.16, 3.89, 3.62, 3.35, 3.07, 2.8, 2.53, 2.26, 1.99, 1.71, 1.44, 1.17, -4.16, -3.89, -3.62, -3.35, -3.07, -2.8, -2.53, -2.26, -1.99, -1.71, -1.44, -1.17]",166893359.14227578,61199922.53818955,98562214.57642056,8082643975.307449,19072747.673606146,1216515455.137552,48047899.93274978,283648082.59481066,144660522.12335345
L1,20413.210508526667,19938.210508526667,201.60980485044755,749.4779754501242,606.9409245209888,808.2241337795998,2005.0603327675744,1376.584901635759,12567.213673589515,1623.0987619326547,10,1.7,0.6,1200,83.33,104.17,45,2,30.5,5,0.416,2.4214298856854333,2.8358669238123633,0.21449634355307082,2.8730129992927522,5.975314536029061,0.25905502677781367,1.5,0.07,0.017,5.17,0.75,13.234045644457694,27.88480116813562,5.8,10.3,30.196545537860292,75.49146953266579,105.68801507052608,0.285714,0.714286,3.2596171538073144,3.867517499047936,1.303846861522926,1.5470069996191746,0.07563695663995236,0.1,0.1,0.043354207584521666,-0.209,0.4,0.4,1.2,10315168983.282272,0.0031982073361527313,9636094.311450314,1357441.6730161428,1789673.470590541,0.05087061134256699,1.2237037037037035,1860.46875,251.9211,13.59,1,1,0.045,4.199523015039315,6.299284522558972,2.09,2.103,3.25,3.942,9.295,1.7,0.1745,0,"[0.9, 0.9, 0.9, 0.9, 0.9, 0.9, 0.9, 0.9, 0.9, 0.9, 0.9, 0.9, 6.9, 6.9, 6.9, 6.9, 6.9, 6.9, 6.9, 6.9, 6.9, 6.9, 6.9, 6.9, 6.9, 6.9, 6.9, 6.9, 6.9, 6.9, 6.9, 6.9, 6.9, 6.9, 6.9, 6.9]","[1.91, 1.64, 1.37, 1.1, 0.82, 0.55, -1.91, -1.64, -1.37, -1.1, -0.82, -0.55, 4.16, 3.89, 3.62, 3.35, 3.07, 2.8, 2.53, 2.26, 1.99, 1.71, 1.44, 1.17, -4.16, -3.89, -3.62, -3.35, -3.07, -2.8, -2.53, -2.26, -1.99, -1.71, -1.44, -1.17]",170091065.0202089,62372523.73116204,100450683.80319457,8237508843.999129,19438184.84652705,1239824103.4952958,48968506.07805672,289082829.34350944,147432242.9651898
L1,20761.905483378847,20286.905483378847,204.363832153885,759.7159835135008,612.5081448777248,822.7284203410667,2041.3210491408342,1401.4798905127402,12794.486720276933,1650.301442562164,10,1.7,0.6,1200,83.33,104.17,45,2,30.5,5,0.416,2.4432270757133336,2.8613947867488854,0.21642719341511113,2.8988752431960014,6.029103029839376,0.2613869843041248,1.5,0.07,0.017,5.17,0.75,13.353175671494798,28.135814139250424,5.8,10.3,30.74263801962078,76.85670264839261,107.5993406680134,0.285714,0.714286,3.2889595249987185,3.9023320581484633,1.3155838099994874,1.5609328232593853,0.07563695663995235,0.1,0.1,0.04335420758452166,-0.209,0.4,0.4,1.2,10501714700.003305,0.003169674608373266,9810359.233589182,1381990.4642390683,1822039.0014712277,0.05087061134256699,1.2237037037037035,1860.46875,251.9211,13.59,1,1,0.045,4.199523015039315,6.299284522558972,2.09,2.103,3.25,3.942,9.295,1.7,0.1745,0,"[0.9, 0.9, 0.9, 0.9, 0.9, 0.9, 0.9, 0.9, 0.9, 0.9, 0.9, 0.9, 6.9, 6.9, 6.9, 6.9, 6.9, 6.9, 6.9, 6.9, 6.9, 6.9, 6.9, 6.9, 6.9, 6.9, 6.9, 6.9, 6.9, 6.9, 6.9, 6.9, 6.9, 6.9, 6.9, 6.9]","[1.91, 1.64, 1.37, 1.1, 0.82, 0.55, -1.91, -1.64, -1.37, -1.1, -0.82, -0.55, 4.16, 3.89, 3.62, 3.35, 3.07, 2.8, 2.53, 2.26, 1.99, 1.71, 1.44, 1.17, -4.16, -3.89, -3.62, -3.35, -3.07, -2.8, -2.53, -2.26, -1.99, -1.71, -1.44, -1.17]",173167094.08802766,63500505.94473378,102267294.35369106,8386480905.80346,19789716.666299284,1262245827.8867602,49854081.978741825,294310777.00767547,150098496.2739145
L1,21097.118662241217,20622.118662241217,207.00100341350975,769.5195829864776,617.8283407058138,836.676219335154,2076.1905465968107,1425.4197305968885,13013.039956834697,1676.4432817718648,10,1.7,0.6,1200,83.33,104.17,45,2,30.5,5,0.416,2.4640061092522725,2.8857302317973725,0.21826785241705754,2.9235294501268005,6.080379039061799,0.2636100150520596,1.5,0.07,0.017,5.17,0.75,13.466741081721072,28.37510218228839,5.8,10.3,31.267778510709316,78.1695557141075,109.43733422481682,0.285714,0.714286,3.3169313009165204,3.9355204136322315,1.3267725203666083,1.5742081654528928,0.07563695663995236,0.1,0.1,0.043354207584521666,-0.209,0.4,0.4,1.2,10681103196.56992,0.0031429446523282725,9977938.11417822,1405597.3892728603,1853162.7604474225,0.050870611342567006,1.2237037037037035,1860.46875,251.9211,13.59,1,1,0.045,4.199523015039315,6.299284522558972,2.09,2.103,3.25,3.942,9.295,1.7,0.1745,0,"[0.9, 0.9, 0.9, 0.9, 0.9, 0.9, 0.9, 0.9, 0.9, 0.9, 0.9, 0.9, 6.9, 6.9, 6.9, 6.9, 6.9, 6.9, 6.9, 6.9, 6.9, 6.9, 6.9, 6.9, 6.9, 6.9, 6.9, 6.9, 6.9, 6.9, 6.9, 6.9, 6.9, 6.9, 6.9, 6.9]","[1.91, 1.64, 1.37, 1.1, 0.82, 0.55, -1.91, -1.64, -1.37, -1.1, -0.82, -0.55, 4.16, 3.89, 3.62, 3.35, 3.07, 2.8, 2.53, 2.26, 1.99, 1.71, 1.44, 1.17, -4.16, -3.89, -3.62, -3.35, -3.07, -2.8, -2.53, -2.26, -1.99, -1.71, -1.44, -1.17]",176125104.8082438,64585210.73990803,104014206.80619165,8529737340.02903,20127761.22584589,1283807295.4975705,50705680.89085783,299338143.4253466,152662453.14692676
L1,21419.27791476471,20944.27791476471,209.526083034552,778.9064853925037,622.9126823535889,850.0847464896488,2109.7118644549373,1448.433970763286,13223.14314288791,1701.5589393882824,10,1.7,0.6,1200,83.33,104.17,45,2,30.5,5,0.416,2.4838178754406917,2.908932857968041,0.22002282844666138,2.9470359997629325,6.129268141814639,0.2657295633614272,1.5,0.07,0.017,5.17,0.75,13.575020003850858,28.60325132846831,5.8,10.3,31.77261519050878,79.43164918053631,111.2042643710451,0.285714,0.714286,3.343600986170162,3.9671638458347167,1.3374403944680648,1.5868655383338868,0.07563695663995235,0.1,0.1,0.043354207584521666,-0.209,0.4,0.4,1.2,10853555891.682396,0.003117875469434166,10139037.795343002,1428291.5860765208,1883083.1634844292,0.050870611342567006,1.2237037037037035,1860.46875,251.9211,13.59,1,1,0.045,4.199523015039315,6.299284522558972,2.09,2.103,3.25,3.942,9.295,1.7,0.1745,0,"[0.9, 0.9, 0.9, 0.9, 0.9, 0.9, 0.9, 0.9, 0.9, 0.9, 0.9, 0.9, 6.9, 6.9, 6.9, 6.9, 6.9, 6.9, 6.9, 6.9, 6.9, 6.9, 6.9, 6.9, 6.9, 6.9, 6.9, 6.9, 6.9, 6.9, 6.9, 6.9, 6.9, 6.9, 6.9, 6.9]","[1.91, 1.64, 1.37, 1.1, 0.82, 0.55, -1.91, -1.64, -1.37, -1.1, -0.82, -0.55, 4.16, 3.89, 3.62, 3.35, 3.07, 2.8, 2.53, 2.26, 1.99, 1.71, 1.44, 1.17, -4.16, -3.89, -3.62, -3.35, -3.07, -2.8, -2.53, -2.26, -1.99, -1.71, -1.44, -1.17]",178968748.2448977,65627976.964662895,105693577.36966254,8667454967.67651,20452735.772584863,1304535119.5845726,51524353.940468445,304171133.86029005,155127278.26874796
L1,21728.807174361074,21253.807174361074,211.94365821528297,787.8937434938482,627.7718022523004,862.9711165905884,2141.9277896802705,1470.5519866317698,13425.064456367943,1725.6826211290702,10,1.7,0.6,1200,83.33,104.17,45,2,30.5,5,0.416,2.5027103427271884,2.9310588436939575,0.22169637066962872,2.969451806400032,6.17588870888776,0.2677507611040234,1.5,0.07,0.017,5.17,0.75,13.678274603905134,28.820813974809543,5.8,10.3,32.257792437902786,80.64459399714339,112.90238643504618,0.285714,0.714286,3.3690331536712153,3.9973389701538893,1.3476132614684861,1.598935588061556,0.07563695663995235,0.1,0.1,0.043354207584521666,-0.209,0.4,0.4,1.2,11019292905.78681,0.003094339241807654,10293863.906422388,1450102.02176315,1911838.4013015004,0.05087061134256699,1.2237037037037035,1860.46875,251.9211,13.59,1,1,0.045,4.199523015039315,6.299284522558972,2.09,2.103,3.25,3.942,9.295,1.7,0.1745,0,"[0.9, 0.9, 0.9, 0.9, 0.9, 0.9, 0.9, 0.9, 0.9, 0.9, 0.9, 0.9, 6.9, 6.9, 6.9, 6.9, 6.9, 6.9, 6.9, 6.9, 6.9, 6.9, 6.9, 6.9, 6.9, 6.9, 6.9, 6.9, 6.9, 6.9, 6.9, 6.9, 6.9, 6.9, 6.9, 6.9]","[1.91, 1.64, 1.37, 1.1, 0.82, 0.55, -1.91, -1.64, -1.37, -1.1, -0.82, -0.55, 4.16, 3.89, 3.62, 3.35, 3.07, 2.8, 2.53, 2.26, 1.99, 1.71, 1.44, 1.17, -4.16, -3.89, -3.62, -3.35, -3.07, -2.8, -2.53, -2.26, -1.99, -1.71, -1.44, -1.17]",181701654.05458215,66630135.61684913,107307549.61047311,8799809572.98407,20765055.10746869,1324455757.3619096,52311146.090522826,308815917.19267166,157496117.76826254
L1,22026.1252359721,21551.1252359721,214.25814403578778,796.4977702089515,632.4158260216301,875.352286974443,2172.88071561395,1491.8028835775688,13619.069608070493,1748.8480014692755,10,1.7,0.6,1200,83.33,104.17,45,2,30.5,5,0.416,2.520728771485341,2.952161195835717,0.22329248836357599,2.99083057121789,6.220352428407978,0.2696784504300829,1.5,0.07,0.017,5.17,0.75,13.776752247233343,29.028311332570564,5.8,10.3,32.72394870373258,81.80998629326645,114.53393499699902,0.285714,0.714286,3.393288730845651,4.0261180766394675,1.3573154923382607,1.610447230655787,0.07563695663995235,0.1,0.1,0.043354207584521666,-0.209,0.4,0.4,1.2,11178532334.304262,0.003072220586356591,10442620.185042981,1471057.3969593486,1939466.3132776942,0.050870611342567006,1.2237037037037035,1860.46875,251.9211,13.59,1,1,0.045,4.199523015039315,6.299284522558972,2.09,2.103,3.25,3.942,9.295,1.7,0.1745,0,"[0.9, 0.9, 0.9, 0.9, 0.9, 0.9, 0.9, 0.9, 0.9, 0.9, 0.9, 0.9, 6.9, 6.9, 6.9, 6.9, 6.9, 6.9, 6.9, 6.9, 6.9, 6.9, 6.9, 6.9, 6.9, 6.9, 6.9, 6.9, 6.9, 6.9, 6.9, 6.9, 6.9, 6.9, 6.9, 6.9]","[1.91, 1.64, 1.37, 1.1, 0.82, 0.55, -1.91, -1.64, -1.37, -1.1, -0.82, -0.55, 4.16, 3.89, 3.62, 3.35, 3.07, 2.8, 2.53, 2.26, 1.99, 1.71, 1.44, 1.17, -4.16, -3.89, -3.62, -3.35, -3.07, -2.8, -2.53, -2.26, -1.99, -1.71, -1.44, -1.17]",184327418.50242016,67593005.44963993,108858247.37499179,8926975323.041273,21065130.21543776,1343595422.647348,53067092.69070563,313278605.55128944,159772088.83115762
L1,22311.64473944965,21836.64473944965,216.47378853222168,804.7343574758073,636.854400959965,887.245009438884,2202.6125217501203,1512.2154141915078,13805.421088127587,1771.0881589735563,10,1.7,0.6,1200,83.33,104.17,45,2,30.5,5,0.416,2.53791590569762,2.97228997417279,0.22481496789787245,3.011223009712341,6.262764778853649,0.27151720427545195,1.5,0.07,0.017,5.17,0.75,13.870686546139684,29.22623563465036,5.8,10.3,33.171714700217315,82.92940285166083,116.10111755187815,0.285714,0.714286,3.4164252576698733,4.0535694361512284,1.3665701030679493,1.6214277744604915,0.07563695663995236,0.1,0.1,0.04335420758452166,-0.209,0.4,0.4,1.2,11331489629.135124,0.0030514150634356396,10585507.899340555,1491186.064413244,1966004.2801433594,0.050870611342567006,1.2237037037037035,1860.46875,251.9211,13.59,1,1,0.045,4.199523015039315,6.299284522558972,2.09,2.103,3.25,3.942,9.295,1.7,0.1745,0,"[0.9, 0.9, 0.9, 0.9, 0.9, 0.9, 0.9, 0.9, 0.9, 0.9, 0.9, 0.9, 6.9, 6.9, 6.9, 6.9, 6.9, 6.9, 6.9, 6.9, 6.9, 6.9, 6.9, 6.9, 6.9, 6.9, 6.9, 6.9, 6.9, 6.9, 6.9, 6.9, 6.9, 6.9, 6.9, 6.9]","[1.91, 1.64, 1.37, 1.1, 0.82, 0.55, -1.91, -1.64, -1.37, -1.1, -0.82, -0.55, 4.16, 3.89, 3.62, 3.35, 3.07, 2.8, 2.53, 2.26, 1.99, 1.71, 1.44, 1.17, -4.16, -3.89, -3.62, -3.35, -3.07, -2.8, -2.53, -2.26, -1.99, -1.71, -1.44, -1.17]",186849594.26343337,68517889.23168497,110347768.76658005,9049124273.869461,21353367.099910095,1361980011.5226324,53793216.541293725,317565236.9802166,161958270.8599105
L1,22585.7713166266,22110.7713166266,218.59467774498833,812.6186950184059,641.0967222554264,898.6657895779861,2231.164472073932,1531.8179084834183,13984.377528815716,1792.43552265673,10,1.7,0.6,1200,83.33,104.17,45,2,30.5,5,0.416,2.5543121464131824,2.991492494549284,0.22626738809896715,3.0306770575019626,6.303225457093026,0.2732713449188525,1.5,0.07,0.017,5.17,0.75,13.960298307896657,29.415052133100783,5.8,10.3,33.60171186990729,84.00439728087737,117.60610915078466,0.285714,0.714286,3.4384971201715913,4.079757577406489,1.3753988480686365,1.6319030309625955,0.07563695663995237,0.1,0.1,0.043354207584521666,-0.209,0.4,0.4,1.2,11478377075.65194,0.0030318278974843533,10722725.359383928,1510515.9601685156,1991489.1332388336,0.05087061134256699,1.2237037037037035,1860.46875,251.9211,13.59,1,1,0.045,4.199523015039315,6.299284522558972,2.09,2.103,3.25,3.942,9.295,1.7,0.1745,0,"[0.9, 0.9, 0.9, 0.9, 0.9, 0.9, 0.9, 0.9, 0.9, 0.9, 0.9, 0.9, 6.9, 6.9, 6.9, 6.9, 6.9, 6.9, 6.9, 6.9, 6.9, 6.9, 6.9, 6.9, 6.9, 6.9, 6.9, 6.9, 6.9, 6.9, 6.9, 6.9, 6.9, 6.9, 6.9, 6.9]","[1.91, 1.64, 1.37, 1.1, 0.82, 0.55, -1.91, -1.64, -1.37, -1.1, -0.82, -0.55, 4.16, 3.89, 3.62, 3.35, 3.07, 2.8, 2.53, 2.26, 1.99, 1.71, 1.44, 1.17, -4.16, -3.89, -3.62, -3.35, -3.07, -2.8, -2.53, -2.26, -1.99, -1.71, -1.44, -1.17]",189271681.79846424,69406070.58465442,111778181.05247015,9166425952.757685,21630165.797212657,1379635039.4710436,54490525.410320155,321681760.7815178,164057697.9985741
L1,22848.902882711445,22373.902882711445,220.62474072944906,820.1653889738832,645.1515571971025,909.630852665064,2258.5771297686388,1550.6382153238396,14156.193169961456,1812.9218280920115,10,1.7,0.6,1200,83.33,104.17,45,2,30.5,5,0.416,2.5699557092587195,3.009813513343385,0.2276531342030963,3.049238057213817,6.341828767070661,0.27494496083307246,1.5,0.07,0.017,5.17,0.75,14.045796395602462,29.595200912996418,5.8,10.3,34.01455110115847,85.03649680394406,119.05104790510254,0.285714,0.714286,3.459555762463661,4.104743538557061,1.3838223049854645,1.6418974154228245,0.07563695663995236,0.1,0.1,0.04335420758452166,-0.209,0.4,0.4,1.2,11619403353.904364,0.003013372875057204,10854467.507266877,1529074.5458204292,2015957.0783838453,0.05087061134256699,1.2237037037037035,1860.46875,251.9211,13.59,1,1,0.045,4.199523015039315,6.299284522558972,2.09,2.103,3.25,3.942,9.295,1.7,0.1745,0,"[0.9, 0.9, 0.9, 0.9, 0.9, 0.9, 0.9, 0.9, 0.9, 0.9, 0.9, 0.9, 6.9, 6.9, 6.9, 6.9, 6.9, 6.9, 6.9, 6.9, 6.9, 6.9, 6.9, 6.9, 6.9, 6.9, 6.9, 6.9, 6.9, 6.9, 6.9, 6.9, 6.9, 6.9, 6.9, 6.9]","[1.91, 1.64, 1.37, 1.1, 0.82, 0.55, -1.91, -1.64, -1.37, -1.1, -0.82, -0.55, 4.16, 3.89, 3.62, 3.35, 3.07, 2.8, 2.53, 2.26, 1.99, 1.71, 1.44, 1.17, -4.16, -3.89, -3.62, -3.35, -3.07, -2.8, -2.53, -2.26, -1.99, -1.71, -1.44, -1.17]",191597122.11870205,70258811.32998517,113151516.39071177,9279047007.84882,21895919.549703877,1396585588.6367393,55160009.95051157,325634025.2180063,166073352.86118323
L1,23101.42905486728,22626.42905486728,222.56775451829637,827.3884803399862,649.0272676203488,920.1561153084579,2284.8902863550575,1568.7036537943338,14321.117414805356,1832.5780821254434,10,1.7,0.6,1200,83.33,104.17,45,2,30.5,5,0.416,2.5848827679329744,3.0272953955215023,0.22897541056738735,3.066948928738887,6.378663973905975,0.2765419220366295,1.5,0.07,0.017,5.17,0.75,14.127378512433676,29.767098544894548,5.8,10.3,34.410831660960824,86.0271995904333,120.43803125139412,0.285714,0.714286,3.4796498799097733,4.128585096379271,1.3918599519639094,1.6514340385517086,0.07563695663995237,0.1,0.1,0.04335420758452166,-0.209,0.4,0.4,1.2,11754773174.072235,0.0029959713919913557,10980925.576560337,1546888.7605426873,2039443.6326289275,0.05087061134256699,1.2237037037037035,1860.46875,251.9211,13.59,1,1,0.045,4.199523015039315,6.299284522558972,2.09,2.103,3.25,3.942,9.295,1.7,0.1745,0,"[0.9, 0.9, 0.9, 0.9, 0.9, 0.9, 0.9, 0.9, 0.9, 0.9, 0.9, 0.9, 6.9, 6.9, 6.9, 6.9, 6.9, 6.9, 6.9, 6.9, 6.9, 6.9, 6.9, 6.9, 6.9, 6.9, 6.9, 6.9, 6.9, 6.9, 6.9, 6.9, 6.9, 6.9, 6.9, 6.9]","[1.91, 1.64, 1.37, 1.1, 0.82, 0.55, -1.91, -1.64, -1.37, -1.1, -0.82, -0.55, 4.16, 3.89, 3.62, 3.35, 3.07, 2.8, 2.53, 2.26, 1.99, 1.71, 1.44, 1.17, -4.16, -3.89, -3.62, -3.35, -3.07, -2.8, -2.53, -2.26, -1.99, -1.71, -1.44, -1.17]",193829290.77451986,71077349.28458267,114469768.28015886,9387150917.01896,22151014.11881166,1412856264.0083165,55802641.968699455,329427767.2968101,168008161.32137316
L1,23343.730682788057,22868.730682788057,224.42734902547508,834.3014632052407,652.7318307830379,930.2571621946912,2310.142903549464,1586.0409732697162,14479.394465581889,1851.434535178541,10,1.7,0.6,1200,83.33,104.17,45,2,30.5,5,0.416,2.599127585328359,3.043978268201866,0.23023725228494182,3.0838503248071483,6.413815627459481,0.2780658941217275,1.5,0.07,0.017,5.17,0.75,14.205231918275375,29.93113959481091,5.8,10.3,34.79114031930854,86.97797256738423,121.76911288669277,0.285714,0.714286,3.4988255956343295,4.1513369757019305,1.3995302382537318,1.6605347902807723,0.07563695663995236,0.1,0.1,0.04335420758452167,-0.209,0.4,0.4,1.2,11884686977.349613,0.0029795516265125003,11102286.812888013,1563984.9817247686,2061983.5723590339,0.05087061134256699,1.2237037037037035,1860.46875,251.9211,13.59,1,1,0.045,4.199523015039315,6.299284522558972,2.09,2.103,3.25,3.942,9.295,1.7,0.1745,0,"[0.9, 0.9, 0.9, 0.9, 0.9, 0.9, 0.9, 0.9, 0.9, 0.9, 0.9, 0.9, 6.9, 6.9, 6.9, 6.9, 6.9, 6.9, 6.9, 6.9, 6.9, 6.9, 6.9, 6.9, 6.9, 6.9, 6.9, 6.9, 6.9, 6.9, 6.9, 6.9, 6.9, 6.9, 6.9, 6.9]","[1.91, 1.64, 1.37, 1.1, 0.82, 0.55, -1.91, -1.64, -1.37, -1.1, -0.82, -0.55, 4.16, 3.89, 3.62, 3.35, 3.07, 2.8, 2.53, 2.26, 1.99, 1.71, 1.44, 1.17, -4.16, -3.89, -3.62, -3.35, -3.07, -2.8, -2.53, -2.26, -1.99, -1.71, -1.44, -1.17]",195971492.92322809,71862896.45216243,115734888.64763288,9490897749.00876,22395827.221370965,1428471157.466784,56419373.005847,333068604.38664037,169864988.2371866
L1,23576.1794777993,23101.1794777993,226.20701188242504,840.9173027275302,656.2728588395298,939.9492273115223,2334.3730663212223,1602.6763211895172,14631.263029296493,1869.5206602310575,10,1.7,0.6,1200,83.33,104.17,45,2,30.5,5,0.416,2.61272263368545,3.059900161373921,0.2314415358284225,3.0999807735501967,6.447363858835652,0.27952035110890344,1.5,0.07,0.017,5.17,0.75,14.279534086411632,30.087698007899704,5.8,10.3,35.15605064223995,87.89024965190016,123.04630029414011,0.285714,0.714286,3.5171266222688753,4.1730510413175725,1.4068506489075503,1.669220416527029,0.07563695663995236,0.1,0.1,0.04335420758452166,-0.209,0.4,0.4,1.2,12009340694.446562,0.0029640478191344673,11218734.24832662,1580388.9931915707,2083610.891393794,0.05087061134256699,1.2237037037037035,1860.46875,251.9211,13.59,1,1,0.045,4.199523015039315,6.299284522558972,2.09,2.103,3.25,3.942,9.295,1.7,0.1745,0,"[0.9, 0.9, 0.9, 0.9, 0.9, 0.9, 0.9, 0.9, 0.9, 0.9, 0.9, 0.9, 6.9, 6.9, 6.9, 6.9, 6.9, 6.9, 6.9, 6.9, 6.9, 6.9, 6.9, 6.9, 6.9, 6.9, 6.9, 6.9, 6.9, 6.9, 6.9, 6.9, 6.9, 6.9, 6.9, 6.9]","[1.91, 1.64, 1.37, 1.1, 0.82, 0.55, -1.91, -1.64, -1.37, -1.1, -0.82, -0.55, 4.16, 3.89, 3.62, 3.35, 3.07, 2.8, 2.53, 2.26, 1.99, 1.71, 1.44, 1.17, -4.16, -3.89, -3.62, -3.35, -3.07, -2.8, -2.53, -2.26, -1.99, -1.71, -1.44, -1.17]",198026959.34691063,72616637.56298746,116948785.49617623,9590443970.56729,22630728.0745382,1443453818.7588634,57011133.190600865,336562027.4497986,171646633.9993973
L1,23799.137728520378,23324.137728520378,227.91009319836965,847.248452830314,659.6576170544377,949.247179111972,2357.6179458028537,1618.6352175936906,14776.956085255208,1886.8651376735356,10,1.7,0.6,1200,83.33,104.17,45,2,30.5,5,0.416,2.6256987049882636,3.0750971371881786,0.23259098882914386,3.1153768094846352,6.479384652803139,0.28090858725759116,1.5,0.07,0.017,5.17,0.75,14.350453306878165,30.237128379747983,5.8,10.3,35.50612243325698,88.76543035469523,124.2715527879522,0.285714,0.714286,3.5345944105611244,4.193776474306239,1.41383776422445,1.6775105897224958,0.07563695663995235,0.1,0.1,0.04335420758452167,-0.209,0.4,0.4,1.2,12128925554.777473,0.0029493996434801282,11330446.523155835,1596125.9600932354,2104358.7678818437,0.05087061134256699,1.2237037037037035,1860.46875,251.9211,13.59,1,1,0.045,4.199523015039315,6.299284522558972,2.09,2.103,3.25,3.942,9.295,1.7,0.1745,0,"[0.9, 0.9, 0.9, 0.9, 0.9, 0.9, 0.9, 0.9, 0.9, 0.9, 0.9, 0.9, 6.9, 6.9, 6.9, 6.9, 6.9, 6.9, 6.9, 6.9, 6.9, 6.9, 6.9, 6.9, 6.9, 6.9, 6.9, 6.9, 6.9, 6.9, 6.9, 6.9, 6.9, 6.9, 6.9, 6.9]","[1.91, 1.64, 1.37, 1.1, 0.82, 0.55, -1.91, -1.64, -1.37, -1.1, -0.82, -0.55, 4.16, 3.89, 3.62, 3.35, 3.07, 2.8, 2.53, 2.26, 1.99, 1.71, 1.44, 1.17, -4.16, -3.89, -3.62, -3.35, -3.07, -2.8, -2.53, -2.26, -1.99, -1.71, -1.44, -1.17]",199998843.3060529,73339728.9200913,118113321.04689942,9685942294.073261,22856077.036220346,1457827232.562522,57578830.33346378,339913395.694675,173355831.80428427
L1,24012.958092458404,23537.958092458404,229.5398102373503,853.3068735893531,662.8930408779457,958.1655091408152,2379.913770856265,1633.9425356012612,14916.70070684893,1903.495845306486,10,1.7,0.6,1200,83.33,104.17,45,2,30.5,5,0.416,2.638085012642816,3.0896034090374527,0.23368819908401472,3.1300730941531025,6.509950098704964,0.28223372794413226,1.5,0.07,0.017,5.17,0.75,14.41814924217478,30.379767127289828,5.8,10.3,35.84190130510778,89.60487870954947,125.44678001465725,0.285714,0.714286,3.551268286249945,4.213559934436868,1.420507314499978,1.6854239737747474,0.07563695663995233,0.1,0.1,0.04335420758452166,-0.209,0.4,0.4,1.2,12243627940.1816,0.002935551654804519,11437597.749208828,1611220.4096552609,2124259.5389214572,0.050870611342567006,1.2237037037037035,1860.46875,251.9211,13.59,1,1,0.045,4.199523015039315,6.299284522558972,2.09,2.103,3.25,3.942,9.295,1.7,0.1745,0,"[0.9, 0.9, 0.9, 0.9, 0.9, 0.9, 0.9, 0.9, 0.9, 0.9, 0.9, 0.9, 6.9, 6.9, 6.9, 6.9, 6.9, 6.9, 6.9, 6.9, 6.9, 6.9, 6.9, 6.9, 6.9, 6.9, 6.9, 6.9, 6.9, 6.9, 6.9, 6.9, 6.9, 6.9, 6.9, 6.9]","[1.91, 1.64, 1.37, 1.1, 0.82, 0.55, -1.91, -1.64, -1.37, -1.1, -0.82, -0.55, 4.16, 3.89, 3.62, 3.35, 3.07, 2.8, 2.53, 2.26, 1.99, 1.71, 1.44, 1.17, -4.16, -3.89, -3.62, -3.35, -3.07, -2.8, -2.53, -2.26, -1.99, -1.71, -1.44, -1.17]",201890218.12748012,74033297.51477307,119230310.3144893,9777541560.718884,23072225.329421975,1471613800.9050207,58123349.23237206,343127932.47626483,174995245.5628951
L1,24217.983454082776,23742.983454082776,231.09925200567022,859.104048286386,665.9857519876258,966.7183236983362,2401.2958072321367,1648.6224871020838,15050.717930929732,1919.4398528408071,10,1.7,0.6,1200,83.33,104.17,45,2,30.5,5,0.416,2.6499092853425026,3.1034514514876625,0.2347356228703695,3.1441025274950327,6.539128622088227,0.28349873970390016,1.5,0.07,0.017,5.17,0.75,14.482773440275757,30.51593356974506,5.8,10.3,36.1639183659236,90.40992248864984,126.57384085457345,0.285714,0.714286,3.5671855764226,4.2324457100894675,1.42687423056904,1.692978284035787,0.07563695663995235,0.1,0.1,0.04335420758452167,-0.209,0.4,0.4,1.2,12353629277.707123,0.002922452805163733,11540357.409714587,1625696.2170692412,2143344.681958664,0.050870611342567006,1.2237037037037035,1860.46875,251.9211,13.59,1,1,0.045,4.199523015039315,6.299284522558972,2.09,2.103,3.25,3.942,9.295,1.7,0.1745,0,"[0.9, 0.9, 0.9, 0.9, 0.9, 0.9, 0.9, 0.9, 0.9, 0.9, 0.9, 0.9, 6.9, 6.9, 6.9, 6.9, 6.9, 6.9, 6.9, 6.9, 6.9, 6.9, 6.9, 6.9, 6.9, 6.9, 6.9, 6.9, 6.9, 6.9, 6.9, 6.9, 6.9, 6.9, 6.9, 6.9]","[1.91, 1.64, 1.37, 1.1, 0.82, 0.55, -1.91, -1.64, -1.37, -1.1, -0.82, -0.55, 4.16, 3.89, 3.62, 3.35, 3.07, 2.8, 2.53, 2.26, 1.99, 1.71, 1.44, 1.17, -4.16, -3.89, -3.62, -3.35, -3.07, -2.8, -2.53, -2.26, -1.99, -1.71, -1.44, -1.17]",203704075.4364285,74698440.37829669,120301520.06312385,9865386654.889109,23279514.840204757,1484835330.2761729,58645551.163716376,346210722.2914376,176567468.36863318
L1,24414.54684097434,23939.54684097434,232.59138374433866,864.6510001096449,668.9420733877167,974.9193381633111,2421.79834337738,1662.6986130128826,15179.222668855558,1934.7234203235084,10,1.7,0.6,1200,83.33,104.17,45,2,30.5,5,0.416,2.6611978539065775,3.1166721019790495,0.23573559263833854,3.1574963508800167,6.566985198993727,0.28470643952165536,1.5,0.07,0.017,5.17,0.75,14.544469809235562,30.645930928637394,5.8,10.3,36.47269000547668,91.18185266823436,127.65454267371103,0.285714,0.714286,3.5823817264127005,4.2504758569538685,1.4329526905650802,1.7001903427815475,0.07563695663995236,0.1,0.1,0.043354207584521666,-0.209,0.4,0.4,1.2,12459105966.596643,0.002910056015944197,11638890.291090177,1639576.5958844055,2161644.802119298,0.050870611342567006,1.2237037037037035,1860.46875,251.9211,13.59,1,1,0.045,4.199523015039315,6.299284522558972,2.09,2.103,3.25,3.942,9.295,1.7,0.1745,0,"[0.9, 0.9, 0.9, 0.9, 0.9, 0.9, 0.9, 0.9, 0.9, 0.9, 0.9, 0.9, 6.9, 6.9, 6.9, 6.9, 6.9, 6.9, 6.9, 6.9, 6.9, 6.9, 6.9, 6.9, 6.9, 6.9, 6.9, 6.9, 6.9, 6.9, 6.9, 6.9, 6.9, 6.9, 6.9, 6.9]","[1.91, 1.64, 1.37, 1.1, 0.82, 0.55, -1.91, -1.64, -1.37, -1.1, -0.82, -0.55, 4.16, 3.89, 3.62, 3.35, 3.07, 2.8, 2.53, 2.26, 1.99, 1.71, 1.44, 1.17, -4.16, -3.89, -3.62, -3.35, -3.07, -2.8, -2.53, -2.26, -1.99, -1.71, -1.44, -1.17]",205443323.95257974,75336224.14039579,121328668.095446,9949618445.853594,23478277.980096795,1497513022.8524208,59146273.53572509,349166708.7327053,178075021.4536797
L1,24602.971390570514,24127.971390570514,234.01905132199104,869.9583084843958,671.7680436451624,982.7818736389737,2441.454682050053,1676.1937775204224,15302.423653934624,1949.3719999748896,10,1.7,0.6,1200,83.33,104.17,45,2,30.5,5,0.416,2.671975731778644,3.129294655102297,0.23669032414160707,3.1702842426188154,6.593581554600481,0.2858595034436223,1.5,0.07,0.017,5.17,0.75,14.603375057144051,30.77004725480224,5.8,10.3,36.768717768899485,91.92192311288959,128.69064088178908,0.285714,0.714286,3.5968904081635595,4.267690326602252,1.438756163265424,1.7070761306409008,0.07563695663995235,0.1,0.1,0.043354207584521666,-0.209,0.4,0.4,1.2,12560229335.149538,0.002898317799923858,11733356.442642957,1652884.0923308467,2179189.6247246447,0.050870611342567006,1.2237037037037035,1860.46875,251.9211,13.59,1,1,0.045,4.199523015039315,6.299284522558972,2.09,2.103,3.25,3.942,9.295,1.7,0.1745,0,"[0.9, 0.9, 0.9, 0.9, 0.9, 0.9, 0.9, 0.9, 0.9, 0.9, 0.9, 0.9, 6.9, 6.9, 6.9, 6.9, 6.9, 6.9, 6.9, 6.9, 6.9, 6.9, 6.9, 6.9, 6.9, 6.9, 6.9, 6.9, 6.9, 6.9, 6.9, 6.9, 6.9, 6.9, 6.9, 6.9]","[1.91, 1.64, 1.37, 1.1, 0.82, 0.55, -1.91, -1.64, -1.37, -1.1, -0.82, -0.55, 4.16, 3.89, 3.62, 3.35, 3.07, 2.8, 2.53, 2.26, 1.99, 1.71, 1.44, 1.17, -4.16, -3.89, -3.62, -3.35, -3.07, -2.8, -2.53, -2.26, -1.99, -1.71, -1.44, -1.17]",207110788.7787469,75947684.76843427,122313422.83248265,10030373753.317726,23668837.60480293,1509667471.3119383,59626329.683679774,352000693.2792887,179520353.57243726
L1,24783.570360852224,24308.570360852224,235.38498552458117,875.0361250197315,674.4694303319051,990.3188556228206,2460.297136993869,1689.1301657983784,15420.523420582078,1963.4102409788597,10,1.7,0.6,1200,83.33,104.17,45,2,30.5,5,0.416,2.6822666897875265,3.141346950155006,0.23760192305992084,3.1824944066667102,6.61897634771163,0.2869604745757291,1.5,0.07,0.017,5.17,0.75,14.659619100723361,30.888556289320938,5.8,10.3,37.052488306602285,92.63135045034447,129.68383875694676,0.285714,0.714286,3.610743620867824,4.284127085897495,1.4442974483471298,1.7136508343589982,0.07563695663995237,0.1,0.1,0.043354207584521666,-0.209,0.4,0.4,1.2,12657165623.61377,0.0028871979262405385,11823911.160588648,1665640.583068141,2196007.9923231895,0.050870611342567006,1.2237037037037035,1860.46875,251.9211,13.59,1,1,0.045,4.199523015039315,6.299284522558972,2.09,2.103,3.25,3.942,9.295,1.7,0.1745,0,"[0.9, 0.9, 0.9, 0.9, 0.9, 0.9, 0.9, 0.9, 0.9, 0.9, 0.9, 0.9, 6.9, 6.9, 6.9, 6.9, 6.9, 6.9, 6.9, 6.9, 6.9, 6.9, 6.9, 6.9, 6.9, 6.9, 6.9, 6.9, 6.9, 6.9, 6.9, 6.9, 6.9, 6.9, 6.9, 6.9]","[1.91, 1.64, 1.37, 1.1, 0.82, 0.55, -1.91, -1.64, -1.37, -1.1, -0.82, -0.55, 4.16, 3.89, 3.62, 3.35, 3.07, 2.8, 2.53, 2.26, 1.99, 1.71, 1.44, 1.17, -4.16, -3.89, -3.62, -3.35, -3.07, -2.8, -2.53, -2.26, -1.99, -1.71, -1.44, -1.17]",208709211.1187695,76533827.46395819,123257403.14704244,10107785333.760345,23851506.981965613,1521318656.778324,60086508.788698606,354717334.81765944,180905840.75700632
L1,24956.64717905246,24481.64717905246,236.69180623890972,879.8941890607031,677.0517427346767,997.542814434089,2478.357034006896,1701.529284741055,15533.718311018341,1976.861996817785,10,1.7,0.6,1200,83.33,104.17,45,2,30.5,5,0.416,2.6920933257006334,3.152855452599396,0.2384723911602979,3.194153655148184,6.643225342389927,0.28801177052472793,1.5,0.07,0.017,5.17,0.75,14.713325445463845,31.00171826448632,5.8,10.3,37.324473390367906,93.31131411170726,130.63578750207517,0.285714,0.714286,3.6239717845970065,4.2998222280840945,1.4495887138388026,1.719928891233638,0.07563695663995236,0.1,0.1,0.043354207584521666,-0.209,0.4,0.4,1.2,12750075989.683855,0.002876659122641351,11910704.993187387,1677867.2759088615,2212127.8656445066,0.05087061134256699,1.2237037037037035,1860.46875,251.9211,13.59,1,1,0.045,4.199523015039315,6.299284522558972,2.09,2.103,3.25,3.942,9.295,1.7,0.1745,0,"[0.9, 0.9, 0.9, 0.9, 0.9, 0.9, 0.9, 0.9, 0.9, 0.9, 0.9, 0.9, 6.9, 6.9, 6.9, 6.9, 6.9, 6.9, 6.9, 6.9, 6.9, 6.9, 6.9, 6.9, 6.9, 6.9, 6.9, 6.9, 6.9, 6.9, 6.9, 6.9, 6.9, 6.9, 6.9, 6.9]","[1.91, 1.64, 1.37, 1.1, 0.82, 0.55, -1.91, -1.64, -1.37, -1.1, -0.82, -0.55, 4.16, 3.89, 3.62, 3.35, 3.07, 2.8, 2.53, 2.26, 1.99, 1.71, 1.44, 1.17, -4.16, -3.89, -3.62, -3.35, -3.07, -2.8, -2.53, -2.26, -1.99, -1.71, -1.44, -1.17]",210241248.36817285,77095626.69594066,124162178.41725576,10181981884.82431,24026589.80152543,1532485949.481425,60527575.90383661,357321149.7956216,182233786.39576703
L1,25122.495523119916,24647.495523119916,237.94202652775007,884.5418428374716,679.5202438865341,1004.4658871620984,2495.664715812405,1713.4119663074966,15642.19850579837,1989.7503347877896,10,1.7,0.6,1200,83.33,104.17,45,2,30.5,5,0.416,2.701477129038033,3.163845329969542,0.23930363203842203,3.2052874852584554,6.666381567898116,0.28901569033228397,1.5,0.07,0.017,5.17,0.75,14.764611539857862,31.109780650191205,5.8,10.3,37.58512998670758,93.96295651485543,131.548086501563,0.285714,0.714286,3.636603827551198,4.31481007630946,1.4546415310204792,1.725924030523784,0.07563695663995236,0.1,0.1,0.043354207584521666,-0.209,0.4,0.4,1.2,12839116533.559301,0.0028666668102188455,11993883.764152477,1689584.7131161857,2227576.327946879,0.050870611342567006,1.2237037037037035,1860.46875,251.9211,13.59,1,1,0.045,4.199523015039315,6.299284522558972,2.09,2.103,3.25,3.942,9.295,1.7,0.1745,0,"[0.9, 0.9, 0.9, 0.9, 0.9, 0.9, 0.9, 0.9, 0.9, 0.9, 0.9, 0.9, 6.9, 6.9, 6.9, 6.9, 6.9, 6.9, 6.9, 6.9, 6.9, 6.9, 6.9, 6.9, 6.9, 6.9, 6.9, 6.9, 6.9, 6.9, 6.9, 6.9, 6.9, 6.9, 6.9, 6.9]","[1.91, 1.64, 1.37, 1.1, 0.82, 0.55, -1.91, -1.64, -1.37, -1.1, -0.82, -0.55, 4.16, 3.89, 3.62, 3.35, 3.07, 2.8, 2.53, 2.26, 1.99, 1.71, 1.44, 1.17, -4.16, -3.89, -3.62, -3.35, -3.07, -2.8, -2.53, -2.26, -1.99, -1.71, -1.44, -1.17]",211709474.5273661,77634026.35230187,125029268.77059774,10253088065.327723,24194380.222941805,1543188111.7692194,60950272.07304381,359816512.9245743,183506421.5915329
L1,25281.399431254726,24806.399431254726,239.13805659497325,888.988046205531,681.8799619684391,1011.0998209247967,2512.249550205243,1724.798373114417,15746.148074871035,2002.0975473702888,10,1.7,0.6,1200,83.33,104.17,45,2,30.5,5,0.416,2.710438541562083,3.174340522714055,0.2400974564769667,3.2159201510340885,6.688495467968013,0.2899744209464176,1.5,0.07,0.017,5.17,0.75,14.813589105998922,31.212978850517395,5.8,10.3,37.834900379546546,94.58738337115011,132.42228375069666,0.285714,0.714286,3.64866726748742,4.329123280238196,1.459466906994968,1.7316493120952785,0.07563695663995236,0.1,0.1,0.043354207584521666,-0.209,0.4,0.4,1.2,12924438339.854145,0.002857188866535027,12073588.611800918,1700812.7769190518,2242379.5922885714,0.050870611342567006,1.2237037037037035,1860.46875,251.9211,13.59,1,1,0.045,4.199523015039315,6.299284522558972,2.09,2.103,3.25,3.942,9.295,1.7,0.1745,0,"[0.9, 0.9, 0.9, 0.9, 0.9, 0.9, 0.9, 0.9, 0.9, 0.9, 0.9, 0.9, 6.9, 6.9, 6.9, 6.9, 6.9, 6.9, 6.9, 6.9, 6.9, 6.9, 6.9, 6.9, 6.9, 6.9, 6.9, 6.9, 6.9, 6.9, 6.9, 6.9, 6.9, 6.9, 6.9, 6.9]","[1.91, 1.64, 1.37, 1.1, 0.82, 0.55, -1.91, -1.64, -1.37, -1.1, -0.82, -0.55, 4.16, 3.89, 3.62, 3.35, 3.07, 2.8, 2.53, 2.26, 1.99, 1.71, 1.44, 1.17, -4.16, -3.89, -3.62, -3.35, -3.07, -2.8, -2.53, -2.26, -1.99, -1.71, -1.44, -1.17]",213116380.89270613,78149939.99332276,125860145.49200983,10321224528.73214,24355162.954168666,1553443303.1450999,61355314.53011954,362207658.35402757,184725905.76055405
L1,25433.63343535366,24958.63343535366,240.28220763964882,893.2413909732056,684.1357011240991,1017.4559772501891,2528.139941005398,1735.7080059564332,15845.745046233367,2013.9251651713184,10,1.7,0.6,1200,83.33,104.17,45,2,30.5,5,0.416,2.7189970138114727,3.184363810406129,0.24085558745352187,3.226074730430313,6.709615040308429,0.2908900432697603,1.5,0.07,0.017,5.17,0.75,14.860364448561933,31.31153685477267,5.8,10.3,38.07421233518679,95.1856640978434,133.2598764330302,0.285714,0.714286,3.6601882878231367,4.342792906348498,1.4640753151292547,1.7371171625393993,0.07563695663995236,0.1,0.1,0.043354207584521666,-0.209,0.4,0.4,1.2,13006187533.948347,0.002848195413617907,12149956.041695032,1711570.6969278078,2256563.0113047464,0.05087061134256699,1.2237037037037035,1860.46875,251.9211,13.59,1,1,0.045,4.199523015039315,6.299284522558972,2.09,2.103,3.25,3.942,9.295,1.7,0.1745,0,"[0.9, 0.9, 0.9, 0.9, 0.9, 0.9, 0.9, 0.9, 0.9, 0.9, 0.9, 0.9, 6.9, 6.9, 6.9, 6.9, 6.9, 6.9, 6.9, 6.9, 6.9, 6.9, 6.9, 6.9, 6.9, 6.9, 6.9, 6.9, 6.9, 6.9, 6.9, 6.9, 6.9, 6.9, 6.9, 6.9]","[1.91, 1.64, 1.37, 1.1, 0.82, 0.55, -1.91, -1.64, -1.37, -1.1, -0.82, -0.55, 4.16, 3.89, 3.62, 3.35, 3.07, 2.8, 2.53, 2.26, 1.99, 1.71, 1.44, 1.17, -4.16, -3.89, -3.62, -3.35, -3.07, -2.8, -2.53, -2.26, -1.99, -1.71, -1.44, -1.17]",214464376.98569906,78644251.19238383,126656231.57265778,10386507968.143763,24509213.357844364,1563269087.0409884,61743396.96622561,364498681.250851,185894327.437934
L1,25579.46271466745,25104.46271466745,241.3766955986155,897.3101148145358,686.2920517269138,1023.5453374141464,2543.3633414025253,1746.1597129678205,15941.16148957063,2025.2539711722625,10,1.7,0.6,1200,83.33,104.17,45,2,30.5,5,0.416,2.727171058008543,3.193936873706159,0.24157966482725773,3.235773188095268,6.729785967163522,0.29176453781980827,1.5,0.07,0.017,5.17,0.75,14.905038743962075,31.405667846763105,5.8,10.3,38.30347930327768,95.75883232050582,134.0623116237835,0.285714,0.714286,3.6711918088576545,4.355848522435937,1.4684767235430618,1.742339408974375,0.07563695663995236,0.1,0.1,0.043354207584521666,-0.209,0.4,0.4,1.2,13084505350.639572,0.002839658627806676,12223117.990774743,1721877.0591685625,2270151.0891185,0.050870611342567006,1.2237037037037035,1860.46875,251.9211,13.59,1,1,0.045,4.199523015039315,6.299284522558972,2.09,2.103,3.25,3.942,9.295,1.7,0.1745,0,"[0.9, 0.9, 0.9, 0.9, 0.9, 0.9, 0.9, 0.9, 0.9, 0.9, 0.9, 0.9, 6.9, 6.9, 6.9, 6.9, 6.9, 6.9, 6.9, 6.9, 6.9, 6.9, 6.9, 6.9, 6.9, 6.9, 6.9, 6.9, 6.9, 6.9, 6.9, 6.9, 6.9, 6.9, 6.9, 6.9]","[1.91, 1.64, 1.37, 1.1, 0.82, 0.55, -1.91, -1.64, -1.37, -1.1, -0.82, -0.55, 4.16, 3.89, 3.62, 3.35, 3.07, 2.8, 2.53, 2.26, 1.99, 1.71, 1.44, 1.17, -4.16, -3.89, -3.62, -3.35, -3.07, -2.8, -2.53, -2.26, -1.99, -1.71, -1.44, -1.17]",215755791.68502754,79117813.95108056,127418902.37847362,10449051171.137552,24656797.580661044,1572682439.0688875,62115189.85579241,366693539.7232423,187013705.25885358
