name,mtom,oem,wing1_weight,wing2_weight,fuselage_weight,lg_weight,powertrain_weight,nacelle_weight,h2_weight,misc_weight,l_fuse,w_fuse,eff,diskloading,v_cruise,v_max,v_stall,loadfactor,h_hover,roc,cL_cruise,mac1,y_mac1,x_lemac1,mac2,y_mac2,x_lemac2,cLmax,cd,cd0,clalpha,cm,e,b1,b2,A1,A2,S1,S2,S,S1/S,S2/S,c_root1,c_root2,c_tip1,c_tip2,sweep_le1,sweep_le2,sweep1_1/4,sweep2_1/4,sweep_m,taper1,taper2,StotS,mission_energy,power_hover,power_climb,power_cruise,WP_hover,WP_cruise,TW,WS,ld_climb,ld_cr,ducted_bool,tandem_bool,G,n_max,n_ult,A_tot,l_cockpit,l_cabin,l_tail,l_fuselage,d_fuselage,upsweep,h_wings,x_rotor_loc,y_rotor_loc,takeoff_energy,trans2hor_energy,climb_energy,cruise_energy,descend_energy,hor_loiter_energy,trans2ver_energy,ver_loiter_energy,land_energy,Vx_cr,Vz_cr,Mx_cr,Mz_cr,T_cr,Vz_vf,Mx_vf,T_vf
W1,3178.5773957601473,2703.5773957601473,143.43440798800611,156.59955838027128,308.7347327201135,134.6234049540089,160.9752504309902,321.0585121157856,1161.8305225057522,316.32100666521956,10.74,1.38,0.8,320,83.33,104.17,45,2,30.5,5,0.58,1.0015478560721394,1.9212384354460756,0.09002560766787544,0.976188097961947,1.9711490439616244,0.0879181237495102,1.5,0.07,0.018,5.15,-2.56,0.63,8.965779365415019,9.198695538487579,9.5,10,8.461599960979129,8.461599960979129,16.923199921958258,0.5,0.5,1.3482374985586492,1.3140993626410826,0.5392949994234597,0.5256397450564331,0.04685811297907601,0.04460247388133165,0.1,0.1,-0.36837,0.4,0.4,1.2,1271507323.8302953,1126826.7530169315,178950.1272078985,218260.18440572033,0.014594421013711195,0.06285813861608884,1.2237037037037035,1860.46875,221.6754,14.0,0,1,0.045,4.177486222100619,6.266229333150928,7.84,2.103,3.25,3.942,9.295,1.7,0.1745,0.3,"[1.19, 1.19, 1.19, 1.19, 1.19, 1.19, 9.55, 9.55, 9.55, 9.55, 9.55, 9.55]","[4.2, 2.99, 1.78, -1.78, -2.99, -4.2, 4.2, 2.99, 1.78, -1.78, -2.99, -4.2]",19890129.37390677,7394792.915093992,13242309.41338449,1004607951.6068034,3499354.6466340907,166051534.46880323,5775999.494002256,33804802.59050795,17240449.321159054,501.49669010724557,-6370.932572819003,12305.819653227862,-601.9455727576116,32552.8842674665,-6369.615706865474,19320.30365938326,0.0
W1,3154.891462885786,2679.891462885786,142.35061133876178,155.41628527985964,307.6901883626017,133.3430958304059,159.37041771475063,317.8577393094622,1150.2477255959734,313.61539945397067,10.74,1.38,0.8,320,83.33,104.17,45,2,30.5,5,0.58,0.9965429162842425,1.9116376134491,0.08957573126604917,0.9713098860798687,1.9612988084305043,0.08747877887650846,1.5,0.07,0.018,5.15,-2.56,0.63,8.920975529429132,9.152727772675686,9.5,10,8.377242568070882,8.377242568070882,16.754485136141763,0.5,0.5,1.3415000796134033,1.3075325389536694,0.5366000318453613,0.5230130155814677,0.046858112979076015,0.04460247388133165,0.1,0.1,-0.36837,0.4,0.4,1.2,1258831110.8922334,1115592.9240032544,177166.09507904912,216084.2531141151,0.014667718608043813,0.06285813861608884,1.2237037037037035,1860.46875,221.6754,14.0,0,1,0.045,4.177486222100619,6.266229333150928,7.84,2.103,3.25,3.942,9.295,1.7,0.1745,0.3,"[1.19, 1.19, 1.19, 1.19, 1.19, 1.19, 9.55, 9.55, 9.55, 9.55, 9.55, 9.55]","[4.2, 2.99, 1.78, -1.78, -2.99, -4.2, 4.2, 2.99, 1.78, -1.78, -2.99, -4.2]",19691835.970020015,7321070.98847368,13110291.035849635,994592575.3087919,3464468.0488023898,164396094.05554816,5718416.027400153,33467787.72009763,17068571.73724979,501.49669010724557,-6370.932572819003,12305.819653227862,-601.9455727576116,32552.8842674665,-6369.615706865474,19320.30365938326,0.0
W1,3137.35516753556,2662.35516753556,141.54688691844345,154.53879088331414,306.9141080203172,132.39565851543145,158.1828307706084,315.4891460240124,1141.6763784097463,311.6113679936866,10.74,1.38,0.8,320,83.33,104.17,45,2,30.5,5,0.58,0.9928229838914626,1.9045017815994882,0.08924135965104038,0.9676841444789668,1.953977599428683,0.08715223484322497,1.5,0.07,0.018,5.15,-2.56,0.63,8.88767498079761,9.118562130667186,9.5,10,8.31481753308377,8.31481753308377,16.62963506616754,0.5,0.5,1.3364924783154304,1.3026517329524554,0.5345969913261722,0.5210606931809821,0.04685811297907602,0.044602473881331664,0.1,0.1,-0.36837,0.4,0.4,1.2,1249450628.5316265,1107279.8153942588,175845.89937097783,214474.04940433774,0.014722675959418154,0.06285813861608884,1.2237037037037035,1860.46875,221.6754,14.0,0,1,0.045,4.177486222100619,6.266229333150928,7.84,2.103,3.25,3.942,9.295,1.7,0.1745,0.3,"[1.19, 1.19, 1.19, 1.19, 1.19, 1.19, 9.55, 9.55, 9.55, 9.55, 9.55, 9.55]","[4.2, 2.99, 1.78, -1.78, -2.99, -4.2, 4.2, 2.99, 1.78, -1.78, -2.99, -4.2]",19545097.52483351,7266516.269676298,13012596.55345236,987181129.8591622,3438651.7330635437,163171057.0771185,5675803.876960357,33218394.461827766,16941381.175532162,501.49669010724557,-6370.932572819003,12305.819653227862,-601.9455727576116,32552.8842674665,-6369.615706865474,19320.30365938326,0.0
W1,3124.367126746676,2649.367126746676,140.95089069246336,153.88809104710333,306.3377978222783,131.69420670142242,157.30357997153627,313.7355164904604,1135.330431361585,310.1266126598268,10.74,1.38,0.8,320,83.33,104.17,45,2,30.5,5,0.58,0.9900598621642785,1.8992013702093613,0.08899299237528624,0.964990986556513,1.9485394920852674,0.08690968180247638,1.5,0.07,0.018,5.15,-2.56,0.63,8.862939727643685,9.093184296397913,9.5,10,8.26860006482576,8.26860006482576,16.53720012965152,0.5,0.5,1.3327728913749903,1.2990263280568446,0.5331091565499961,0.5196105312227378,0.04685811297907602,0.04460247388133165,0.1,0.1,-0.36837,0.4,0.4,1.2,1242505624.0821187,1101125.0598007538,174868.46935039797,213281.9068791324,0.014763764935327984,0.06285813861608884,1.2237037037037035,1860.46875,221.6754,14.0,0,1,0.045,4.177486222100619,6.266229333150928,7.84,2.103,3.25,3.942,9.295,1.7,0.1745,0.3,"[1.19, 1.19, 1.19, 1.19, 1.19, 1.19, 9.55, 9.55, 9.55, 9.55, 9.55, 9.55]","[4.2, 2.99, 1.78, -1.78, -2.99, -4.2, 4.2, 2.99, 1.78, -1.78, -2.99, -4.2]",19436457.146273248,7226125.727887038,12940266.73192945,981693936.3816582,3419538.1714380635,162264079.48908585,5644255.22487288,33033751.794022616,16847213.414951533,501.49669010724557,-6370.932572819003,12305.819653227862,-601.9455727576116,32552.8842674665,-6369.615706865474,19320.30365938326,0.0
W1,3114.7450742474084,2639.7450742474084,140.50895159300384,153.40558849574813,305.91000578708486,131.17468506986705,156.6523737153722,312.43671241266117,1130.6303839764598,309.02637319721117,10.74,1.38,0.8,320,83.33,104.17,45,2,30.5,5,0.58,0.9880084090803225,1.8952661308800414,0.08880859448619327,0.9629914774247788,1.944502021723111,0.08672960063610165,1.5,0.07,0.018,5.15,-2.56,0.63,8.844575277440192,9.074342768041184,9.5,10,8.234369667190133,8.234369667190133,16.468739334380267,0.5,0.5,1.3300113199158188,1.2963346811487406,0.5320045279663276,0.5185338724594962,0.04685811297907603,0.04460247388133165,0.1,0.1,-0.36837,0.4,0.4,1.2,1237361892.2238379,1096566.6160076053,174144.54786515638,212398.96122645607,0.014794419705903845,0.06285813861608884,1.2237037037037035,1860.46875,221.6754,14.0,0,1,0.045,4.177486222100619,6.266229333150928,7.84,2.103,3.25,3.942,9.295,1.7,0.1745,0.3,"[1.19, 1.19, 1.19, 1.19, 1.19, 1.19, 9.55, 9.55, 9.55, 9.55, 9.55, 9.55]","[4.2, 2.99, 1.78, -1.78, -2.99, -4.2, 4.2, 2.99, 1.78, -1.78, -2.99, -4.2]",19355993.99029417,7196210.971448059,12886696.542021573,977629914.2333655,3405381.9478426743,161592337.72877046,5620889.104950568,32896998.48022816,16777469.22491636,501.49669010724557,-6370.932572819003,12305.819653227862,-601.9455727576116,32552.8842674665,-6369.615706865474,19320.30365938326,0.0
W1,3107.615231442048,2632.615231442048,140.18125779847054,153.04781727315446,305.5925529540557,130.78980296989633,156.16993445555516,311.47450716354126,1127.148403635943,308.21095519143137,10.74,1.38,0.8,320,83.33,104.17,45,2,30.5,5,0.58,0.9864858608227157,1.8923454734051135,0.08867173798825989,0.9615074809500846,1.9415054903799793,0.08659594792513502,1.5,0.07,0.018,5.15,-2.56,0.63,8.830945542557195,9.060358955106569,9.5,10,8.209010439537979,8.209010439537979,16.418020879075957,0.5,0.5,1.3279617357228866,1.2943369935866524,0.5311846942891546,0.517734797434661,0.046858112979076015,0.04460247388133164,0.1,0.1,-0.36837,0.4,0.4,1.2,1233551212.939176,1093189.5411888862,173608.23829779623,211744.84028842184,0.014817253502960745,0.06285813861608884,1.2237037037037035,1860.46875,221.6754,14.0,0,1,0.045,4.177486222100619,6.266229333150928,7.84,2.103,3.25,3.942,9.295,1.7,0.1745,0.3,"[1.19, 1.19, 1.19, 1.19, 1.19, 1.19, 9.55, 9.55, 9.55, 9.55, 9.55, 9.55]","[4.2, 2.99, 1.78, -1.78, -2.99, -4.2, 4.2, 2.99, 1.78, -1.78, -2.99, -4.2]",19296383.71314212,7174048.940881831,12847009.634036921,974619126.455233,3394894.459480089,161094684.95813566,5603578.56240984,32795686.235666584,16725799.980189959,501.49669010724557,-6370.932572819003,12305.819653227862,-601.9455727576116,32552.8842674665,-6369.615706865474,19320.30365938326,0.0
W1,3102.3312923930257,2627.3312923930257,139.9382813591656,152.78253920197403,305.35703250247985,130.50460925768192,155.81245188248764,310.7615228836031,1124.5682917023266,307.6065636033071,10.74,1.38,0.8,320,83.33,104.17,45,2,30.5,5,0.58,0.9853561505919998,1.8901783850298457,0.08857019231633596,0.9604063756212832,1.9392821046198994,0.08649677941984293,1.5,0.07,0.018,5.15,-2.56,0.63,8.820832463472613,9.049983154892862,9.5,10,8.190219510384456,8.190219510384456,16.38043902076891,0.5,0.5,1.326440971950769,1.2928547364132659,0.5305763887803077,0.5171418945653063,0.04685811297907602,0.04460247388133165,0.1,0.1,-0.36837,0.4,0.4,1.2,1230727538.4390266,1090687.1631774134,173210.8383760457,211260.1433420859,0.014834241475140498,0.06285813861608884,1.2237037037037035,1860.46875,221.6754,14.0,0,1,0.045,4.177486222100619,6.266229333150928,7.84,2.103,3.25,3.942,9.295,1.7,0.1745,0.3,"[1.19, 1.19, 1.19, 1.19, 1.19, 1.19, 9.55, 9.55, 9.55, 9.55, 9.55, 9.55]","[4.2, 2.99, 1.78, -1.78, -2.99, -4.2, 4.2, 2.99, 1.78, -1.78, -2.99, -4.2]",19252213.105497807,7157627.10217363,12817602.03982738,972388163.4065467,3387123.3375231065,160725929.3286535,5590751.626867734,32720614.8953224,16687513.596614426,501.49669010724557,-6370.932572819003,12305.819653227862,-601.9455727576116,32552.8842674665,-6369.615706865474,19320.30365938326,0.0
W1,3098.414915954342,2623.414915954342,139.75812369280385,152.58584573499624,305.18232739119463,130.29325169572104,155.54752091854596,310.233128979144,1122.6561662082515,307.15855133368484,10.74,1.38,0.8,320,83.33,104.17,45,2,30.5,5,0.58,0.9845180840133325,1.8885707476986526,0.08849486146464153,0.9595895293623304,1.9376327035200909,0.08642321205036889,1.5,0.07,0.018,5.15,-2.56,0.63,8.813330155927044,9.042285949760423,9.5,10,8.176293519723474,8.176293519723474,16.35258703944695,0.5,0.5,1.325312805402563,1.2917551356800603,0.5301251221610251,0.5167020542720241,0.046858112979076015,0.04460247388133165,0.1,0.1,-0.36837,0.4,0.4,1.2,1228634908.2983105,1088832.6464298216,172916.32459475484,210900.93358226333,0.014846869056291186,0.06285813861608884,1.2237037037037035,1860.46875,221.6754,14.0,0,1,0.045,4.177486222100619,6.266229333150928,7.84,2.103,3.25,3.942,9.295,1.7,0.1745,0.3,"[1.19, 1.19, 1.19, 1.19, 1.19, 1.19, 9.55, 9.55, 9.55, 9.55, 9.55, 9.55]","[4.2, 2.99, 1.78, -1.78, -2.99, -4.2, 4.2, 2.99, 1.78, -1.78, -2.99, -4.2]",19219478.19044817,7145456.84861043,12795808.020011859,970734792.7654694,3381364.1453663986,160452643.8827665,5581245.562366665,32664979.392894648,16659139.490376271,501.49669010724557,-6370.932572819003,12305.819653227862,-601.9455727576116,32552.8842674665,-6369.615706865474,19320.30365938326,0.0
W1,3095.5119141448477,2620.5119141448477,139.62454541526833,152.4400069536,305.052750174204,130.1365966381737,155.3511580582948,309.841491335604,1121.2389274469165,306.82643812278616,10.74,1.38,0.8,320,83.33,104.17,45,2,30.5,5,0.58,0.9838964609976962,1.8873783073946184,0.08843898596215431,0.9589836461929897,1.9364092855819983,0.0863686445837392,1.5,0.07,0.018,5.15,-2.56,0.63,8.80776543450822,9.036576666049324,9.5,10,8.165971784138714,8.165971784138714,16.331943568277428,0.5,0.5,1.3244760051892064,1.2909395237213324,0.5297904020756826,0.516375809488533,0.04685811297907603,0.04460247388133167,0.1,0.1,-0.36837,0.4,0.4,1.2,1227083882.1979055,1087458.1064080636,172698.03539360885,210634.6926913555,0.014856249266385822,0.06285813861608884,1.2237037037037035,1860.46875,221.6754,14.0,0,1,0.045,4.177486222100619,6.266229333150928,7.84,2.103,3.25,3.942,9.295,1.7,0.1745,0.3,"[1.19, 1.19, 1.19, 1.19, 1.19, 1.19, 9.55, 9.55, 9.55, 9.55, 9.55, 9.55]","[4.2, 2.99, 1.78, -1.78, -2.99, -4.2, 4.2, 2.99, 1.78, -1.78, -2.99, -4.2]",19195215.561974727,7136436.439051288,12779654.619127056,969509339.2235092,3377095.5184463803,160250088.8056966,5574199.809815171,32623743.192241907,16638109.028043373,501.49669010724557,-6370.932572819003,12305.819653227862,-601.9455727576116,32552.8842674665,-6369.615706865474,19320.30365938326,0.0
W1,3093.3599397421663,2618.3599397421663,139.5255044558533,152.33187550366753,304.9566527935365,130.0204765657939,155.20560470111585,309.55119115489805,1120.188403639245,306.58023092805615,10.74,1.38,0.8,320,83.33,104.17,45,2,30.5,5,0.58,0.983435431305747,1.8864939283220818,0.08839754562765706,0.9585342900335619,1.9355019317985385,0.08632817436031129,1.5,0.07,0.018,5.15,-2.56,0.63,8.803638332169715,9.032342348393179,9.5,10,8.158320829857681,8.158320829857681,16.316641659715362,0.5,0.5,1.3238553882961979,1.2903346211990256,0.5295421553184791,0.5161338484796103,0.04685811297907602,0.044602473881331664,0.1,0.1,-0.36837,0.4,0.4,1.2,1225934188.94279,1086439.232907811,172536.22920468875,210437.34246208932,0.014863213802953013,0.06285813861608884,1.2237037037037035,1860.46875,221.6754,14.0,0,1,0.045,4.177486222100619,6.266229333150928,7.84,2.103,3.25,3.942,9.295,1.7,0.1745,0.3,"[1.19, 1.19, 1.19, 1.19, 1.19, 1.19, 9.55, 9.55, 9.55, 9.55, 9.55, 9.55]","[4.2, 2.99, 1.78, -1.78, -2.99, -4.2, 4.2, 2.99, 1.78, -1.78, -2.99, -4.2]",19177230.96435898,7129750.088624418,12767680.961146967,968600975.6110067,3373931.4120672126,160099945.48713097,5568977.167730968,32593176.987234328,16622520.263489509,501.49669010724557,-6370.932572819003,12305.819653227862,-601.9455727576116,32552.8842674665,-6369.615706865474,19320.30365938326,0.0
W1,3091.764623171379,2616.764623171379,139.4520715364764,152.2517025318799,304.88538970831024,129.93439758968665,155.09770704226878,309.33599371481034,1119.409657881622,306.3977031663247,10.74,1.38,0.8,320,83.33,104.17,45,2,30.5,5,0.58,0.9830935337658728,1.8858380767912657,0.08836681366252858,0.958201049532747,1.9348290423257393,0.08629816182517572,1.5,0.07,0.018,5.15,-2.56,0.63,8.800577691692572,9.029202197520116,9.5,10,8.152649232370207,8.152649232370207,16.305298464740414,0.5,0.5,1.3233951416079057,1.2898860282171594,0.5293580566431623,0.5159544112868638,0.04685811297907602,0.04460247388133165,0.1,0.1,-0.36837,0.4,0.4,1.2,1225081929.585647,1085683.9492958814,172416.28343834003,210291.04815377883,0.014868382890185628,0.06285813861608884,1.2237037037037035,1860.46875,221.6754,14.0,0,1,0.045,4.177486222100619,6.266229333150928,7.84,2.103,3.25,3.942,9.295,1.7,0.1745,0.3,"[1.19, 1.19, 1.19, 1.19, 1.19, 1.19, 9.55, 9.55, 9.55, 9.55, 9.55, 9.55]","[4.2, 2.99, 1.78, -1.78, -2.99, -4.2, 4.2, 2.99, 1.78, -1.78, -2.99, -4.2]",19163899.111245763,7124793.545049792,12758804.974437162,967927612.1855899,3371585.882721323,159988645.32285616,5565105.660643784,32570518.47887644,16610964.424226986,501.49669010724557,-6370.932572819003,12305.819653227862,-601.9455727576116,32552.8842674665,-6369.615706865474,19320.30365938326,0.0
W1,3090.5819316638517,2615.5819316638517,139.39762572351648,152.19225940115012,304.8325457268545,129.87058492685514,155.01771960241194,309.1764620578654,1118.8323526822578,306.2623815429404,10.74,1.38,0.8,320,83.33,104.17,45,2,30.5,5,0.58,0.9828399991472581,1.885351729133442,0.08834402432903116,0.9579539345540542,1.9343300601572249,0.08627590598603734,1.5,0.07,0.018,5.15,-2.56,0.63,8.798308069289396,9.026873614067048,9.5,10,8.14844472443399,8.14844472443399,16.29688944886798,0.5,0.5,1.3230538450059244,1.28955337343815,0.5292215380023698,0.51582134937526,0.04685811297907602,0.044602473881331664,0.1,0.1,-0.36837,0.4,0.4,1.2,1224450126.775463,1085124.0372168836,172327.36441197363,210182.5962437706,0.014872218356577666,0.06285813861608884,1.2237037037037035,1860.46875,221.6754,14.0,0,1,0.045,4.177486222100619,6.266229333150928,7.84,2.103,3.25,3.942,9.295,1.7,0.1745,0.3,"[1.19, 1.19, 1.19, 1.19, 1.19, 1.19, 9.55, 9.55, 9.55, 9.55, 9.55, 9.55]","[4.2, 2.99, 1.78, -1.78, -2.99, -4.2, 4.2, 2.99, 1.78, -1.78, -2.99, -4.2]",19154015.849546954,7121119.125833382,12752224.966486048,967428429.7467138,3369847.078659295,159906135.51410666,5562235.608192227,32553721.11650651,16602397.76941832,501.49669010724557,-6370.932572819003,12305.819653227862,-601.9455727576116,32552.8842674665,-6369.615706865474,19320.30365938326,0.0
W1,3089.705118461523,2614.705118461523,139.35725779179643,152.14818629227224,304.793361616563,129.82327726655407,154.95842073498974,309.0581929072119,1118.4043661816213,306.1620556705146,10.74,1.38,0.8,320,83.33,104.17,45,2,30.5,5,0.58,0.9826519984670681,1.88499109321327,0.08832712561033942,0.9577706941574046,1.933960055510144,0.08625940286342992,1.5,0.07,0.018,5.15,-2.56,0.63,8.796625101661926,9.025146925714004,9.5,10,8.145327703072494,8.145327703072494,16.29065540614499,0.5,0.5,1.322800767167207,1.2893067036734294,0.5291203068668828,0.5157226814693717,0.04685811297907602,0.044602473881331664,0.1,0.1,-0.36837,0.4,0.4,1.2,1223981738.3491664,1084708.9451449283,172261.4440929179,210102.19517774362,0.014875063704850842,0.06285813861608884,1.2237037037037035,1860.46875,221.6754,14.0,0,1,0.045,4.177486222100619,6.266229333150928,7.84,2.103,3.25,3.942,9.295,1.7,0.1745,0.3,"[1.19, 1.19, 1.19, 1.19, 1.19, 1.19, 9.55, 9.55, 9.55, 9.55, 9.55, 9.55]","[4.2, 2.99, 1.78, -1.78, -2.99, -4.2, 4.2, 2.99, 1.78, -1.78, -2.99, -4.2]",19146688.871383574,7118395.086929809,12747346.862875924,967058359.7292789,3368558.0123792407,159844966.68286493,5560107.888388665,32541268.354347847,16596046.860717403,501.49669010724557,-6370.932572819003,12305.819653227862,-601.9455727576116,32552.8842674665,-6369.615706865474,19320.30365938326,0.0
W1,3089.055062355187,2614.055062355187,139.3273277542082,152.11550912133143,304.7643071946872,129.7882047384609,154.91445827351274,308.9705115870525,1118.0870693956133,306.08767429032105,10.74,1.38,0.8,320,83.33,104.17,45,2,30.5,5,0.58,0.982512596991316,1.884723683651611,0.08831459530288753,0.9576348224058527,1.9336856990887412,0.0862471658883101,1.5,0.07,0.018,5.15,-2.56,0.63,8.795377190374184,9.023866595747458,9.5,10,8.143016833784682,8.143016833784682,16.286033667569363,0.5,0.5,1.322613111334464,1.289123799392494,0.5290452445337855,0.5156495197569976,0.04685811297907602,0.04460247388133165,0.1,0.1,-0.36837,0.4,0.4,1.2,1223634488.7465594,1084401.2079145892,172212.57267912835,210042.5881578867,0.014877174218078576,0.06285813861608884,1.2237037037037035,1860.46875,221.6754,14.0,0,1,0.045,4.177486222100619,6.266229333150928,7.84,2.103,3.25,3.942,9.295,1.7,0.1745,0.3,"[1.19, 1.19, 1.19, 1.19, 1.19, 1.19, 9.55, 9.55, 9.55, 9.55, 9.55, 9.55]","[4.2, 2.99, 1.78, -1.78, -2.99, -4.2, 4.2, 2.99, 1.78, -1.78, -2.99, -4.2]",19141256.862152137,7116375.5634453595,12743730.378255498,966784000.545157,3367602.3360039266,159799617.88441455,5558530.458600132,32532036.237437677,16591338.481093215,501.49669010724557,-6370.932572819003,12305.819653227862,-601.9455727576116,32552.8842674665,-6369.615706865474,19320.30365938326,0.0
W1,3088.573113829691,2613.573113829691,139.30513674264998,152.0912813041795,304.74276423214985,129.7622024942075,154.88186516650111,308.9055059764735,1117.8518303358944,306.03252757763534,10.74,1.38,0.8,320,83.33,104.17,45,2,30.5,5,0.58,0.9824092340672902,1.8845254057348502,0.08830530437386268,0.9575340766895172,1.9334822702384478,0.08623809245832821,1.5,0.07,0.018,5.15,-2.56,0.63,8.7944518934293,9.022917261112756,9.5,10,8.141303590088652,8.141303590088652,16.282607180177305,0.5,0.5,1.3224739689367369,1.2889881801589653,0.5289895875746947,0.5155952720635861,0.046858112979076015,0.044602473881331664,0.1,0.1,-0.36837,0.4,0.4,1.2,1223377043.119603,1084173.0561655078,172176.3401487846,209998.3964108469,0.014878739500829486,0.06285813861608884,1.2237037037037035,1860.46875,221.6754,14.0,0,1,0.045,4.177486222100619,6.266229333150928,7.84,2.103,3.25,3.942,9.295,1.7,0.1745,0.3,"[1.19, 1.19, 1.19, 1.19, 1.19, 1.19, 9.55, 9.55, 9.55, 9.55, 9.55, 9.55]","[4.2, 2.99, 1.78, -1.78, -2.99, -4.2, 4.2, 2.99, 1.78, -1.78, -2.99, -4.2]",19137229.65229582,7114878.31914125,12741049.17101006,966580594.7769797,3366893.8119285544,159765996.96804452,5557360.975905723,32525191.684965234,16587847.75933227,501.49669010724557,-6370.932572819003,12305.819653227862,-601.9455727576116,32552.8842674665,-6369.615706865474,19320.30365938326,0.0
W1,3088.215795777577,2613.215795777577,139.2886836990082,152.0733181152595,304.72679103349344,129.74292455318763,154.85770079097645,308.8573111239643,1117.6774252086057,305.9916412530821,10.74,1.38,0.8,320,83.33,104.17,45,2,30.5,5,0.58,0.9823325942630176,1.8843783899564612,0.08829841549190923,0.9574593774484297,1.9333314352324062,0.08623136484391083,1.5,0.07,0.018,5.15,-2.56,0.63,8.79376581979682,9.022213364417896,9.5,10,8.140033399308088,8.140033399308088,16.280066798616176,0.5,0.5,1.3223707999694467,1.2888876234882707,0.5289483199877787,0.5155550493953083,0.04685811297907602,0.04460247388133165,0.1,0.1,-0.36837,0.4,0.4,1.2,1223186174.148298,1084003.905536835,172149.4775219991,209965.632858413,0.014879900313053196,0.06285813861608884,1.2237037037037035,1860.46875,221.6754,14.0,0,1,0.045,4.177486222100619,6.266229333150928,7.84,2.103,3.25,3.942,9.295,1.7,0.1745,0.3,"[1.19, 1.19, 1.19, 1.19, 1.19, 1.19, 9.55, 9.55, 9.55, 9.55, 9.55, 9.55]","[4.2, 2.99, 1.78, -1.78, -2.99, -4.2, 4.2, 2.99, 1.78, -1.78, -2.99, -4.2]",19134243.897938315,7113768.2692891825,12739061.336627934,966429790.7016162,3366368.5155270984,159741070.57951835,5556493.926962301,32520117.166105054,16585259.754713578,501.49669010724557,-6370.932572819003,12305.819653227862,-601.9455727576116,32552.8842674665,-6369.615706865474,19320.30365938326,0.0
W1,3087.95087709416,2612.95087709416,139.2764849614,152.0599997145422,304.7149477159345,129.7286318311031,154.8397852520003,308.8215793187829,1117.5481207350674,305.9613275653301,10.74,1.38,0.8,320,83.33,104.17,45,2,30.5,5,0.58,0.9822757694269625,1.884269384621914,0.08829330770762768,0.9574039914493594,1.9332195981188989,0.08622637663197666,1.5,0.07,0.018,5.15,-2.56,0.63,8.793257128235599,9.021691457888194,9.5,10,8.13909167613328,8.13909167613328,16.27818335226656,0.5,0.5,1.3222943049978342,1.288813065412599,0.5289177219991337,0.5155252261650397,0.04685811297907601,0.04460247388133165,0.1,0.1,-0.36837,0.4,0.4,1.2,1223044663.3324578,1083878.4967640021,172129.56149161432,209941.3418644236,0.01488076111805533,0.06285813861608884,1.2237037037037035,1860.46875,221.6754,14.0,0,1,0.045,4.177486222100619,6.266229333150928,7.84,2.103,3.25,3.942,9.295,1.7,0.1745,0.3,"[1.19, 1.19, 1.19, 1.19, 1.19, 1.19, 9.55, 9.55, 9.55, 9.55, 9.55, 9.55]","[4.2, 2.99, 1.78, -1.78, -2.99, -4.2, 4.2, 2.99, 1.78, -1.78, -2.99, -4.2]",19132030.25088956,7112945.275069037,12737587.55037946,966317984.1172836,3365979.059232447,159722590.081865,5555851.0943294335,32516354.902920064,16583341.000489233,501.49669010724557,-6370.932572819003,12305.819653227862,-601.9455727576116,32552.8842674665,-6369.615706865474,19320.30365938326,0.0
W1,3087.7544629828467,2612.7544629828467,139.26744049079116,152.0501250957321,304.70616657073805,129.7180350837664,154.82650251699664,308.79508745046337,1117.4522532839635,305.93885249039533,10.74,1.38,0.8,320,83.33,104.17,45,2,30.5,5,0.58,0.9822336368815439,1.884188563056423,0.08828952056158078,0.9573629257238171,1.9331366769423233,0.08622267814236423,1.5,0.07,0.018,5.15,-2.56,0.63,8.792879960929973,9.021304492397508,9.5,10,8.138393474455146,8.138393474455146,16.276786948910292,0.5,0.5,1.3222375881097705,1.2887577846282154,0.5288950352439082,0.5155031138512862,0.04685811297907602,0.04460247388133165,0.1,0.1,-0.36837,0.4,0.4,1.2,1222939745.9939697,1083785.5176189765,172114.79557503888,209923.33231212563,0.014881399422752026,0.06285813861608884,1.2237037037037035,1860.46875,221.6754,14.0,0,1,0.045,4.177486222100619,6.266229333150928,7.84,2.103,3.25,3.942,9.295,1.7,0.1745,0.3,"[1.19, 1.19, 1.19, 1.19, 1.19, 1.19, 9.55, 9.55, 9.55, 9.55, 9.55, 9.55]","[4.2, 2.99, 1.78, -1.78, -2.99, -4.2, 4.2, 2.99, 1.78, -1.78, -2.99, -4.2]",19130389.033889093,7112335.100061172,12736494.872552877,966235089.7520438,3365690.312979028,159708888.481629,5555374.4926751135,32513565.528569296,16581918.419570342,501.49669010724557,-6370.932572819003,12305.819653227862,-601.9455727576116,32552.8842674665,-6369.615706865474,19320.30365938326,0.0
W1,3087.608838426692,2612.608838426692,139.26073468250283,152.04280379374282,304.6996558929873,129.71017851931387,154.81665452682122,308.7754460393485,1117.381175925547,305.9221890464281,10.74,1.38,0.8,320,83.33,104.17,45,2,30.5,5,0.58,0.9822023981050079,1.8841286386725868,0.08828671261803278,0.9573324779307691,1.9330751958217456,0.0862199359322895,1.5,0.07,0.018,5.15,-2.56,0.63,8.792600313805405,9.021017580501479,9.5,10,8.137875818771676,8.137875818771676,16.27575163754335,0.5,0.5,1.3221955359105875,1.288716797214497,0.528878214364235,0.5154867188857989,0.04685811297907602,0.044602473881331664,0.1,0.1,-0.36837,0.4,0.4,1.2,1222861958.9329188,1083716.5816877487,172103.84793501403,209909.9797989539,0.014881872723073841,0.06285813861608884,1.2237037037037035,1860.46875,221.6754,14.0,0,1,0.045,4.177486222100619,6.266229333150928,7.84,2.103,3.25,3.942,9.295,1.7,0.1745,0.3,"[1.19, 1.19, 1.19, 1.19, 1.19, 1.19, 9.55, 9.55, 9.55, 9.55, 9.55, 9.55]","[4.2, 2.99, 1.78, -1.78, -2.99, -4.2, 4.2, 2.99, 1.78, -1.78, -2.99, -4.2]",19129172.214544892,7111882.70848059,12735684.747191038,966173630.8059572,3365476.2328015594,159698729.93939546,5555021.13409286,32511497.45063246,16580863.699822556,501.49669010724557,-6370.932572819003,12305.819653227862,-601.9455727576116,32552.8842674665,-6369.615706865474,19320.30365938326,0.0
W1,3087.500869719788,2612.500869719788,139.25576282232367,152.03737559057103,304.6948286494599,129.70435353706768,154.80935306976852,308.7608835837452,1117.3284780378908,305.90983442896123,10.74,1.38,0.8,320,83.33,104.17,45,2,30.5,5,0.58,0.9821792365362271,1.8840842085478589,0.08828463070622858,0.9573099028260084,1.9330296114755943,0.08621790275768086,1.5,0.07,0.018,5.15,-2.56,0.63,8.792392973223341,9.020804853552772,9.5,10,8.137492020588123,8.137492020588123,16.274984041176246,0.5,0.5,1.3221643568756902,1.2886864076503959,0.5288657427502761,0.5154745630601584,0.04685811297907601,0.04460247388133165,0.1,0.1,-0.36837,0.4,0.4,1.2,1222804286.364668,1083665.4714883796,172095.73118001668,209900.08003263272,0.01488222366463913,0.06285813861608884,1.2237037037037035,1860.46875,221.6754,14.0,0,1,0.045,4.177486222100619,6.266229333150928,7.84,2.103,3.25,3.942,9.295,1.7,0.1745,0.3,"[1.19, 1.19, 1.19, 1.19, 1.19, 1.19, 9.55, 9.55, 9.55, 9.55, 9.55, 9.55]","[4.2, 2.99, 1.78, -1.78, -2.99, -4.2, 4.2, 2.99, 1.78, -1.78, -2.99, -4.2]",19128270.045267273,7111547.298144289,12735084.107321234,966128064.162676,3365317.510342075,159691198.23409164,5554759.148401712,32509964.14465139,16580081.71377221,501.49669010724557,-6370.932572819003,12305.819653227862,-601.9455727576116,32552.8842674665,-6369.615706865474,19320.30365938326,0.0
W1,3087.420819562142,2612.420819562142,139.25207655755173,152.03335098138933,304.6912495751965,129.70003478879153,154.80393963609143,308.75008671306387,1117.289406861044,305.90067444901337,10.74,1.38,0.8,320,83.33,104.17,45,2,30.5,5,0.58,0.9821620637733003,1.8840512665651292,0.08828308710708009,0.9572931648871504,1.9329958137144387,0.08621639529392168,1.5,0.07,0.018,5.15,-2.56,0.63,8.792239243970602,9.02064713066738,9.5,10,8.137207465601762,8.137207465601762,16.274414931203523,0.5,0.5,1.3221412396948273,1.2886638758096256,0.5288564958779309,0.5154655503238502,0.046858112979076015,0.04460247388133165,0.1,0.1,-0.36837,0.4,0.4,1.2,1222761526.8687265,1083627.57745264,172089.71326954564,209892.7401649856,0.014882483875156559,0.06285813861608884,1.2237037037037035,1860.46875,221.6754,14.0,0,1,0.045,4.177486222100619,6.266229333150928,7.84,2.103,3.25,3.942,9.295,1.7,0.1745,0.3,"[1.19, 1.19, 1.19, 1.19, 1.19, 1.19, 9.55, 9.55, 9.55, 9.55, 9.55, 9.55]","[4.2, 2.99, 1.78, -1.78, -2.99, -4.2, 4.2, 2.99, 1.78, -1.78, -2.99, -4.2]",19127601.160479665,7111298.618792063,12734638.781946378,966094280.2207164,3365199.83061031,159685614.09015387,5554564.907423077,32508827.3235792,16579501.935025394,501.49669010724557,-6370.932572819003,12305.819653227862,-601.9455727576116,32552.8842674665,-6369.615706865474,19320.30365938326,0.0
W1,3087.361468673069,2612.361468673069,139.24934346693763,152.0303670336101,304.6885959407705,129.69683278248567,154.79992600814606,308.742081697306,1117.260438709477,305.8938830343358,10.74,1.38,0.8,320,83.33,104.17,45,2,30.5,5,0.58,0.9821493313497357,1.8840268423487718,0.08828194263439058,0.9572807548557508,1.9329707549971895,0.08621527761314006,1.5,0.07,0.018,5.15,-2.56,0.63,8.792125264294269,9.020530189986884,9.5,10,8.13699649084648,8.13699649084648,16.27399298169296,0.5,0.5,1.322124099893875,1.2886471699981261,0.5288496399575501,0.5154588679992504,0.046858112979076015,0.04460247388133165,0.1,0.1,-0.36837,0.4,0.4,1.2,1222729824.123652,1083599.4820570224,172085.25147042144,209887.29824038444,0.014882676809247479,0.06285813861608884,1.2237037037037035,1860.46875,221.6754,14.0,0,1,0.045,4.177486222100619,6.266229333150928,7.84,2.103,3.25,3.942,9.295,1.7,0.1745,0.3,"[1.19, 1.19, 1.19, 1.19, 1.19, 1.19, 9.55, 9.55, 9.55, 9.55, 9.55, 9.55]","[4.2, 2.99, 1.78, -1.78, -2.99, -4.2, 4.2, 2.99, 1.78, -1.78, -2.99, -4.2]",19127105.235926796,7111114.242949099,12734308.608811187,966069232.1307899,3365112.580504699,159681473.8942086,5554420.893278546,32507984.461710673,16579072.075472444,501.49669010724557,-6370.932572819003,12305.819653227862,-601.9455727576116,32552.8842674665,-6369.615706865474,19320.30365938326,0.0
W1,3087.317464605822,2612.317464605822,139.2473170843232,152.02815465913892,304.68662845931925,129.69445874692275,154.79695021904118,308.73614660840366,1117.238961105924,305.88884772274906,10.74,1.38,0.8,320,83.33,104.17,45,2,30.5,5,0.58,0.9821398911536031,1.8840087335109983,0.08828109408842429,0.957271553690723,1.9329521757216526,0.08621444893148819,1.5,0.07,0.018,5.15,-2.56,0.63,8.792040756384658,9.020443486701044,9.5,10,8.136840069676728,8.136840069676728,16.273680139353456,0.5,0.5,1.3221113919375427,1.2886347838144347,0.5288445567750171,0.515453913525774,0.04685811297907602,0.04460247388133165,0.1,0.1,-0.36837,0.4,0.4,1.2,1222706319.0343235,1083578.6515332882,172081.9433976746,209883.26348176753,0.014882819859529137,0.06285813861608884,1.2237037037037035,1860.46875,221.6754,14.0,0,1,0.045,4.177486222100619,6.266229333150928,7.84,2.103,3.25,3.942,9.295,1.7,0.1745,0.3,"[1.19, 1.19, 1.19, 1.19, 1.19, 1.19, 9.55, 9.55, 9.55, 9.55, 9.55, 9.55]","[4.2, 2.99, 1.78, -1.78, -2.99, -4.2, 4.2, 2.99, 1.78, -1.78, -2.99, -4.2]",19126737.546917915,7110977.54277854,12734063.81142792,966050660.9442934,3365047.8914211043,159678404.26489726,5554314.118129458,32507359.545998644,16578753.36845931,501.49669010724557,-6370.932572819003,12305.819653227862,-601.9455727576116,32552.8842674665,-6369.615706865474,19320.30365938326,0.0
W1,3087.2848389822966,2612.2848389822966,139.24581467313922,152.0265143489008,304.68516971362897,129.6926985842329,154.79474390291128,308.7317462016827,1117.2230371336668,305.88511442413363,10.74,1.38,0.8,320,83.33,104.17,45,2,30.5,5,0.58,0.9821328919239611,1.8839953071041369,0.08828046495233467,0.9572647316855337,1.9329384005188661,0.08621383452336574,1.5,0.07,0.018,5.15,-2.56,0.63,8.791978099819305,9.020379202421374,9.5,10,8.136724095547608,8.136724095547608,16.273448191095216,0.5,0.5,1.32210196989764,1.288625600345911,0.528840787959056,0.5154502401383644,0.04685811297907602,0.04460247388133167,0.1,0.1,-0.36837,0.4,0.4,1.2,1222688891.839085,1083563.2073203789,172079.4907190731,209880.27202212345,0.014882925922847838,0.06285813861608884,1.2237037037037035,1860.46875,221.6754,14.0,0,1,0.045,4.177486222100619,6.266229333150928,7.84,2.103,3.25,3.942,9.295,1.7,0.1745,0.3,"[1.19, 1.19, 1.19, 1.19, 1.19, 1.19, 9.55, 9.55, 9.55, 9.55, 9.55, 9.55]","[4.2, 2.99, 1.78, -1.78, -2.99, -4.2, 4.2, 2.99, 1.78, -1.78, -2.99, -4.2]",19126464.93412095,7110876.1902362,12733882.31321141,966036891.8541887,3364999.929497887,159676128.3735543,5554234.95266262,32506896.219611365,16578517.072001798,501.49669010724557,-6370.932572819003,12305.819653227862,-601.9455727576116,32552.8842674665,-6369.615706865474,19320.30365938326,0.0
W1,3087.260649580673,2612.260649580673,139.2447007477101,152.02529818164558,304.6840881599733,129.69139355929187,154.79310808958914,308.72848363933286,1117.211230735841,305.8823464672892,10.74,1.38,0.8,320,83.33,104.17,45,2,30.5,5,0.58,0.9821277025025612,1.8839853523967403,0.0882799984935308,0.9572596736632185,1.9329281872045758,0.08621337898428187,1.5,0.07,0.018,5.15,-2.56,0.63,8.79193164451812,9.02033154028802,9.5,10,8.136638109671484,8.136638109671484,16.273276219342968,0.5,0.5,1.3220949841380631,1.2886187914697174,0.5288379936552253,0.515447516587887,0.046858112979076015,0.04460247388133167,0.1,0.1,-0.36837,0.4,0.4,1.2,1222675970.917304,1083551.756627124,172077.67224697073,209878.05408541337,0.01488300456208597,0.06285813861608884,1.2237037037037035,1860.46875,221.6754,14.0,0,1,0.045,4.177486222100619,6.266229333150928,7.84,2.103,3.25,3.942,9.295,1.7,0.1745,0.3,"[1.19, 1.19, 1.19, 1.19, 1.19, 1.19, 9.55, 9.55, 9.55, 9.55, 9.55, 9.55]","[4.2, 2.99, 1.78, -1.78, -2.99, -4.2, 4.2, 2.99, 1.78, -1.78, -2.99, -4.2]",19126262.81274812,7110801.045139467,12733747.746275835,966026683.1353555,3364964.3694292763,159674440.9755753,5554176.257571942,32506552.69881372,16578341.876394998,501.49669010724557,-6370.932572819003,12305.819653227862,-601.9455727576116,32552.8842674665,-6369.615706865474,19320.30365938326,0.0
